step,sim_time_sec,scenario_id,system_type,run_id,random_seed,wci,threshold,decision_condition,workload_intensity_cw,resource_allocation_cores,decision,action,prev_cores,prev_batch_size,prev_cpu_util_pct,prev_vr,updated_cores,updated_batch_size,overhead_cost_sec,trigger_reason
0,0,S1,SAMCS,1,1001,0.2075,0.3,WCI (0.2075) <= 0.3 AND CPU (20.7%) <= 35.0%,0.19033710033310458,2,TRIGGER_ADAPTATION,SCALE_DOWN,4,32,20.7,0.2606224840983084,2,32,0.6,Low workload pressure (WCI=0.21 <= 0.3) and CPU underutilization (20.7% <= 35.0%)
0,0,S1,SAMCS,2,1002,0.2237,0.3,WCI (0.2237) <= 0.3 AND CPU (11.0%) <= 35.0%,0.24741330783509244,2,TRIGGER_ADAPTATION,SCALE_DOWN,4,32,11,0.23736650670709214,2,32,0.6,Low workload pressure (WCI=0.22 <= 0.3) and CPU underutilization (11.0% <= 35.0%)
0,0,S1,SAMCS,3,1003,0.2195,0.3,WCI (0.2195) <= 0.3 AND CPU (18.2%) <= 35.0%,0.19964537044108743,2,TRIGGER_ADAPTATION,SCALE_DOWN,4,32,18.19,0.23857792109516662,2,32,0.6,Low workload pressure (WCI=0.22 <= 0.3) and CPU underutilization (18.2% <= 35.0%)
0,0,S1,SAMCS,4,1004,0.1891,0.3,WCI (0.1891) <= 0.3 AND CPU (9.9%) <= 35.0%,0.17925463547423978,2,TRIGGER_ADAPTATION,SCALE_DOWN,4,32,9.92,0.2045576465262515,2,32,0.6,Low workload pressure (WCI=0.19 <= 0.3) and CPU underutilization (9.9% <= 35.0%)
0,0,S1,SAMCS,5,1005,0.2018,0.3,WCI (0.2018) <= 0.3 AND CPU (12.9%) <= 35.0%,0.1768124348121781,2,TRIGGER_ADAPTATION,SCALE_DOWN,4,32,12.89,0.18758264254109974,2,32,0.6,Low workload pressure (WCI=0.20 <= 0.3) and CPU underutilization (12.9% <= 35.0%)
0,0,S1,SAMCS,6,1006,0.2476,0.3,WCI (0.2476) <= 0.3 AND CPU (15.4%) <= 35.0%,0.2881640965412588,2,TRIGGER_ADAPTATION,SCALE_DOWN,4,32,15.42,0.21622225104984558,2,32,0.6,Low workload pressure (WCI=0.25 <= 0.3) and CPU underutilization (15.4% <= 35.0%)
0,0,S1,SAMCS,7,1007,0.2289,0.3,WCI (0.2289) <= 0.3 AND CPU (10.2%) <= 35.0%,0.25434688345647544,2,TRIGGER_ADAPTATION,SCALE_DOWN,4,32,10.17,0.1945149858082561,2,32,0.6,Low workload pressure (WCI=0.23 <= 0.3) and CPU underutilization (10.2% <= 35.0%)
0,0,S1,SAMCS,8,1008,0.2296,0.3,WCI (0.2296) <= 0.3 AND CPU (17.9%) <= 35.0%,0.2457636269510055,2,TRIGGER_ADAPTATION,SCALE_DOWN,4,32,17.9,0.24248159151436166,2,32,0.6,Low workload pressure (WCI=0.23 <= 0.3) and CPU underutilization (17.9% <= 35.0%)
0,0,S1,SAMCS,9,1009,0.187,0.3,WCI (0.1870) <= 0.3 AND CPU (15.7%) <= 35.0%,0.21367459151981041,2,TRIGGER_ADAPTATION,SCALE_DOWN,4,32,15.7,0.1713582611275734,2,32,0.6,Low workload pressure (WCI=0.19 <= 0.3) and CPU underutilization (15.7% <= 35.0%)
0,0,S1,SAMCS,10,1010,0.2113,0.3,WCI (0.2113) <= 0.3 AND CPU (15.4%) <= 35.0%,0.20207923429323432,2,TRIGGER_ADAPTATION,SCALE_DOWN,4,32,15.38,0.20910767500568597,2,32,0.6,Low workload pressure (WCI=0.21 <= 0.3) and CPU underutilization (15.4% <= 35.0%)
0,0,S1,SAMCS,11,1011,0.221,0.3,WCI (0.2210) <= 0.3 AND CPU (10.0%) <= 35.0%,0.25821198608609575,2,TRIGGER_ADAPTATION,SCALE_DOWN,4,32,10.02,0.17407076779033803,2,32,0.6,Low workload pressure (WCI=0.22 <= 0.3) and CPU underutilization (10.0% <= 35.0%)
0,0,S1,SAMCS,12,1012,0.1919,0.3,WCI (0.1919) <= 0.3 AND CPU (13.0%) <= 35.0%,0.19770252228778631,2,TRIGGER_ADAPTATION,SCALE_DOWN,4,32,13.03,0.13100025389072503,2,32,0.6,Low workload pressure (WCI=0.19 <= 0.3) and CPU underutilization (13.0% <= 35.0%)
0,0,S1,SAMCS,13,1013,0.2195,0.3,WCI (0.2195) <= 0.3 AND CPU (11.0%) <= 35.0%,0.25522072207227575,2,TRIGGER_ADAPTATION,SCALE_DOWN,4,32,11.04,0.16064265837703273,2,32,0.6,Low workload pressure (WCI=0.22 <= 0.3) and CPU underutilization (11.0% <= 35.0%)
0,0,S1,SAMCS,14,1014,0.1959,0.3,WCI (0.1959) <= 0.3 AND CPU (14.3%) <= 35.0%,0.17965219334890992,2,TRIGGER_ADAPTATION,SCALE_DOWN,4,32,14.25,0.2231379844139199,2,32,0.6,Low workload pressure (WCI=0.20 <= 0.3) and CPU underutilization (14.3% <= 35.0%)
0,0,S1,SAMCS,15,1015,0.211,0.3,WCI (0.2110) <= 0.3 AND CPU (11.7%) <= 35.0%,0.22820437459185744,2,TRIGGER_ADAPTATION,SCALE_DOWN,4,32,11.7,0.18213644162666454,2,32,0.6,Low workload pressure (WCI=0.21 <= 0.3) and CPU underutilization (11.7% <= 35.0%)
0,0,S1,SAMCS,16,1016,0.2153,0.3,WCI (0.2153) <= 0.3 AND CPU (14.6%) <= 35.0%,0.2083142614151849,2,TRIGGER_ADAPTATION,SCALE_DOWN,4,32,14.62,0.21577076322549812,2,32,0.6,Low workload pressure (WCI=0.22 <= 0.3) and CPU underutilization (14.6% <= 35.0%)
0,0,S1,SAMCS,17,1017,0.2093,0.3,WCI (0.2093) <= 0.3 AND CPU (12.5%) <= 35.0%,0.2278117445580238,2,TRIGGER_ADAPTATION,SCALE_DOWN,4,32,12.51,0.18768244298077377,2,32,0.6,Low workload pressure (WCI=0.21 <= 0.3) and CPU underutilization (12.5% <= 35.0%)
0,0,S1,SAMCS,18,1018,0.1876,0.3,WCI (0.1876) <= 0.3 AND CPU (21.4%) <= 35.0%,0.17163940467810646,2,TRIGGER_ADAPTATION,SCALE_DOWN,4,32,21.36,0.17658550857619792,2,32,0.6,Low workload pressure (WCI=0.19 <= 0.3) and CPU underutilization (21.4% <= 35.0%)
0,0,S1,SAMCS,19,1019,0.2245,0.3,WCI (0.2245) <= 0.3 AND CPU (10.1%) <= 35.0%,0.2586970112555681,2,TRIGGER_ADAPTATION,SCALE_DOWN,4,32,10.09,0.19380174082150264,2,32,0.6,Low workload pressure (WCI=0.22 <= 0.3) and CPU underutilization (10.1% <= 35.0%)
0,0,S1,SAMCS,20,1020,0.2044,0.3,WCI (0.2044) <= 0.3 AND CPU (12.2%) <= 35.0%,0.22682041730745123,2,TRIGGER_ADAPTATION,SCALE_DOWN,4,32,12.2,0.17479434428294977,2,32,0.6,Low workload pressure (WCI=0.20 <= 0.3) and CPU underutilization (12.2% <= 35.0%)
0,0,S1,SAMCS,21,1021,0.2308,0.3,WCI (0.2308) <= 0.3 AND CPU (14.9%) <= 35.0%,0.25161233364212054,2,TRIGGER_ADAPTATION,SCALE_DOWN,4,32,14.9,0.21565956120302723,2,32,0.6,Low workload pressure (WCI=0.23 <= 0.3) and CPU underutilization (14.9% <= 35.0%)
0,0,S1,SAMCS,22,1022,0.2091,0.3,WCI (0.2091) <= 0.3 AND CPU (16.6%) <= 35.0%,0.21801982583369728,2,TRIGGER_ADAPTATION,SCALE_DOWN,4,32,16.61,0.21711004309328902,2,32,0.6,Low workload pressure (WCI=0.21 <= 0.3) and CPU underutilization (16.6% <= 35.0%)
0,0,S1,SAMCS,23,1023,0.2197,0.3,WCI (0.2197) <= 0.3 AND CPU (18.4%) <= 35.0%,0.24480148839322877,2,TRIGGER_ADAPTATION,SCALE_DOWN,4,32,18.41,0.18940528517932662,2,32,0.6,Low workload pressure (WCI=0.22 <= 0.3) and CPU underutilization (18.4% <= 35.0%)
0,0,S1,SAMCS,24,1024,0.2137,0.3,WCI (0.2137) <= 0.3 AND CPU (12.5%) <= 35.0%,0.2539740093985314,2,TRIGGER_ADAPTATION,SCALE_DOWN,4,32,12.46,0.16871997015449222,2,32,0.6,Low workload pressure (WCI=0.21 <= 0.3) and CPU underutilization (12.5% <= 35.0%)
0,0,S1,SAMCS,25,1025,0.223,0.3,WCI (0.2230) <= 0.3 AND CPU (19.2%) <= 35.0%,0.2556181175196977,2,TRIGGER_ADAPTATION,SCALE_DOWN,4,32,19.23,0.22016720041992768,2,32,0.6,Low workload pressure (WCI=0.22 <= 0.3) and CPU underutilization (19.2% <= 35.0%)
0,0,S1,SAMCS,26,1026,0.2171,0.3,WCI (0.2171) <= 0.3 AND CPU (12.0%) <= 35.0%,0.2187034377472433,2,TRIGGER_ADAPTATION,SCALE_DOWN,4,32,12.04,0.20234374887012924,2,32,0.6,Low workload pressure (WCI=0.22 <= 0.3) and CPU underutilization (12.0% <= 35.0%)
0,0,S1,SAMCS,27,1027,0.228,0.3,WCI (0.2280) <= 0.3 AND CPU (13.7%) <= 35.0%,0.23756403423501232,2,TRIGGER_ADAPTATION,SCALE_DOWN,4,32,13.69,0.27269112844388854,2,32,0.6,Low workload pressure (WCI=0.23 <= 0.3) and CPU underutilization (13.7% <= 35.0%)
0,0,S1,SAMCS,28,1028,0.2083,0.3,WCI (0.2083) <= 0.3 AND CPU (16.5%) <= 35.0%,0.22235634566898085,2,TRIGGER_ADAPTATION,SCALE_DOWN,4,32,16.5,0.20102733496481678,2,32,0.6,Low workload pressure (WCI=0.21 <= 0.3) and CPU underutilization (16.5% <= 35.0%)
0,0,S1,SAMCS,29,1029,0.2159,0.3,WCI (0.2159) <= 0.3 AND CPU (15.5%) <= 35.0%,0.20520671547776276,2,TRIGGER_ADAPTATION,SCALE_DOWN,4,32,15.46,0.2267185005220805,2,32,0.6,Low workload pressure (WCI=0.22 <= 0.3) and CPU underutilization (15.5% <= 35.0%)
0,0,S1,SAMCS,30,1030,0.2277,0.3,WCI (0.2277) <= 0.3 AND CPU (14.0%) <= 35.0%,0.2209553302743704,2,TRIGGER_ADAPTATION,SCALE_DOWN,4,32,14.02,0.2043876283963541,2,32,0.6,Low workload pressure (WCI=0.23 <= 0.3) and CPU underutilization (14.0% <= 35.0%)
0,0,S2,SAMCS,1,1001,0.7162,0.65,WCI (0.7162) >= 0.65,0.8471871788709657,6,TRIGGER_ADAPTATION,SCALE_UP,4,32,39.42,0.31483859865124303,6,32,1.25,High complexity: WCI=0.72 >= 0.65
4,5.31,S2,SAMCS,1,1001,0.6916,0.65,WCI (0.6916) >= 0.65,0.812088069698613,8,TRIGGER_ADAPTATION,SCALE_UP,6,32,31.2,0.3041093370633826,8,32,1.25,High complexity: WCI=0.69 >= 0.65
8,10.62,S2,SAMCS,1,1001,0.7017,0.65,WCI (0.7017) >= 0.65,0.80014791527862,10,TRIGGER_ADAPTATION,SCALE_UP,8,32,24.3,0.32036777803082234,10,32,1.25,High complexity: WCI=0.70 >= 0.65
12,15.93,S2,SAMCS,1,1001,0.6826,0.65,WCI (0.6826) >= 0.65,0.8523817877075113,12,TRIGGER_ADAPTATION,SCALE_UP,10,32,19.38,0.1749886720870295,12,32,1.25,High complexity: WCI=0.68 >= 0.65
16,21.24,S2,SAMCS,1,1001,0.7055,0.65,WCI (0.7055) >= 0.65,0.8149323362189471,14,TRIGGER_ADAPTATION,SCALE_UP,12,32,17.56,0.2533808187001818,14,32,1.25,High complexity: WCI=0.71 >= 0.65
20,26.55,S2,SAMCS,1,1001,0.6669,0.65,WCI (0.6669) >= 0.65,0.7925044000610473,16,TRIGGER_ADAPTATION,SCALE_UP,14,32,8.15,0.16534601938662732,16,32,1.25,High complexity: WCI=0.67 >= 0.65
24,31.86,S2,SAMCS,1,1001,0.6776,0.7,Dw (0.7748) >= 0.7 AND batchSize (32) > 16,0.8459726508292131,16,TRIGGER_ADAPTATION,ADJUST_PARAMETERS,16,32,10.61,0.12868681867509893,16,24,0.3,"Data volume intensity elevated (Dw=0.77 >= 0.7), throttling batch size (32 -> 24)"
28,36.22,S2,SAMCS,1,1001,0.6775,0.7,Dw (0.7773) >= 0.7 AND batchSize (24) > 16,0.8361611778244649,16,TRIGGER_ADAPTATION,ADJUST_PARAMETERS,16,24,12.07,0.14590680395354727,16,16,0.3,"Data volume intensity elevated (Dw=0.78 >= 0.7), throttling batch size (24 -> 16)"
0,0,S2,SAMCS,2,1002,0.6955,0.65,WCI (0.6955) >= 0.65,0.7920886813841546,6,TRIGGER_ADAPTATION,SCALE_UP,4,32,40,0.2798986083093601,6,32,1.25,High complexity: WCI=0.70 >= 0.65
4,5.31,S2,SAMCS,2,1002,0.7378,0.65,WCI (0.7378) >= 0.65,0.8884478609395093,8,TRIGGER_ADAPTATION,SCALE_UP,6,32,29.02,0.3098373795744119,8,32,1.25,High complexity: WCI=0.74 >= 0.65
8,10.62,S2,SAMCS,2,1002,0.6514,0.65,WCI (0.6514) >= 0.65,0.7420761557859001,10,TRIGGER_ADAPTATION,SCALE_UP,8,32,24.2,0.25612823235276744,10,32,1.25,High complexity: WCI=0.65 >= 0.65
12,15.93,S2,SAMCS,2,1002,0.7064,0.65,WCI (0.7064) >= 0.65,0.8517260201612782,12,TRIGGER_ADAPTATION,SCALE_UP,10,32,10.54,0.18604075450103932,12,32,1.25,High complexity: WCI=0.71 >= 0.65
16,21.24,S2,SAMCS,2,1002,0.6793,0.65,WCI (0.6793) >= 0.65,0.7987518250089701,14,TRIGGER_ADAPTATION,SCALE_UP,12,32,13.75,0.2034620280281579,14,32,1.25,High complexity: WCI=0.68 >= 0.65
20,26.55,S2,SAMCS,2,1002,0.6865,0.65,WCI (0.6865) >= 0.65,0.8099260834319895,16,TRIGGER_ADAPTATION,SCALE_UP,14,32,14.6,0.23550137197681242,16,32,1.25,High complexity: WCI=0.69 >= 0.65
24,31.86,S2,SAMCS,2,1002,0.7035,0.7,Dw (0.7899) >= 0.7 AND batchSize (32) > 16,0.8511522674798084,16,TRIGGER_ADAPTATION,ADJUST_PARAMETERS,16,32,11.08,0.22021424924082983,16,24,0.3,"Data volume intensity elevated (Dw=0.79 >= 0.7), throttling batch size (32 -> 24)"
28,36.22,S2,SAMCS,2,1002,0.6612,0.7,Dw (0.7658) >= 0.7 AND batchSize (24) > 16,0.779626709964316,16,TRIGGER_ADAPTATION,ADJUST_PARAMETERS,16,24,12.35,0.21163165059102002,16,16,0.3,"Data volume intensity elevated (Dw=0.77 >= 0.7), throttling batch size (24 -> 16)"
0,0,S2,SAMCS,3,1003,0.7305,0.65,WCI (0.7305) >= 0.65,0.8422125529511538,6,TRIGGER_ADAPTATION,SCALE_UP,4,32,42.96,0.37617385898527345,6,32,1.25,High complexity: WCI=0.73 >= 0.65
4,5.31,S2,SAMCS,3,1003,0.7092,0.65,WCI (0.7092) >= 0.65,0.8429328065749738,8,TRIGGER_ADAPTATION,SCALE_UP,6,32,34.99,0.28495220481236666,8,32,1.25,High complexity: WCI=0.71 >= 0.65
8,10.62,S2,SAMCS,3,1003,0.6758,0.65,WCI (0.6758) >= 0.65,0.8294528393061131,10,TRIGGER_ADAPTATION,SCALE_UP,8,32,22.77,0.20981872789432948,10,32,1.25,High complexity: WCI=0.68 >= 0.65
12,15.93,S2,SAMCS,3,1003,0.692,0.65,WCI (0.6920) >= 0.65,0.8465567936633371,12,TRIGGER_ADAPTATION,SCALE_UP,10,32,15.79,0.22408608030759714,12,32,1.25,High complexity: WCI=0.69 >= 0.65
16,21.24,S2,SAMCS,3,1003,0.6629,0.65,WCI (0.6629) >= 0.65,0.8028246209649049,14,TRIGGER_ADAPTATION,SCALE_UP,12,32,16.6,0.15939426691209832,14,32,1.25,High complexity: WCI=0.66 >= 0.65
20,26.55,S2,SAMCS,3,1003,0.7065,0.65,WCI (0.7065) >= 0.65,0.837552593630404,16,TRIGGER_ADAPTATION,SCALE_UP,14,32,9.6,0.17627204084037124,16,32,1.25,High complexity: WCI=0.71 >= 0.65
24,31.86,S2,SAMCS,3,1003,0.6946,0.7,Dw (0.7960) >= 0.7 AND batchSize (32) > 16,0.8436434730501163,16,TRIGGER_ADAPTATION,ADJUST_PARAMETERS,16,32,8.58,0.1817375574993753,16,24,0.3,"Data volume intensity elevated (Dw=0.80 >= 0.7), throttling batch size (32 -> 24)"
28,36.22,S2,SAMCS,3,1003,0.7022,0.7,Dw (0.8104) >= 0.7 AND batchSize (24) > 16,0.8292475827386585,16,TRIGGER_ADAPTATION,ADJUST_PARAMETERS,16,24,11.75,0.22706526744682143,16,16,0.3,"Data volume intensity elevated (Dw=0.81 >= 0.7), throttling batch size (24 -> 16)"
0,0,S2,SAMCS,4,1004,0.7061,0.65,WCI (0.7061) >= 0.65,0.8524556617955177,6,TRIGGER_ADAPTATION,SCALE_UP,4,32,38.93,0.26617944031181123,6,32,1.25,High complexity: WCI=0.71 >= 0.65
4,5.31,S2,SAMCS,4,1004,0.6816,0.65,WCI (0.6816) >= 0.65,0.8249807797039734,8,TRIGGER_ADAPTATION,SCALE_UP,6,32,24.02,0.20254813777035421,8,32,1.25,High complexity: WCI=0.68 >= 0.65
8,10.62,S2,SAMCS,4,1004,0.7109,0.65,WCI (0.7109) >= 0.65,0.8513907138117963,10,TRIGGER_ADAPTATION,SCALE_UP,8,32,16.19,0.18993149197328957,10,32,1.25,High complexity: WCI=0.71 >= 0.65
12,15.93,S2,SAMCS,4,1004,0.675,0.65,WCI (0.6750) >= 0.65,0.8209977186002648,12,TRIGGER_ADAPTATION,SCALE_UP,10,32,22.11,0.1820639262197517,12,32,1.25,High complexity: WCI=0.68 >= 0.65
16,21.24,S2,SAMCS,4,1004,0.6746,0.65,WCI (0.6746) >= 0.65,0.829753786159423,14,TRIGGER_ADAPTATION,SCALE_UP,12,32,16.07,0.1867029401084267,14,32,1.25,High complexity: WCI=0.67 >= 0.65
20,26.55,S2,SAMCS,4,1004,0.6748,0.65,WCI (0.6748) >= 0.65,0.8529838404318961,16,TRIGGER_ADAPTATION,SCALE_UP,14,32,11.14,0.12452049880670615,16,32,1.25,High complexity: WCI=0.67 >= 0.65
24,31.86,S2,SAMCS,4,1004,0.7024,0.7,Dw (0.7830) >= 0.7 AND batchSize (32) > 16,0.8540734998436318,16,TRIGGER_ADAPTATION,ADJUST_PARAMETERS,16,32,11.28,0.2201056440734546,16,24,0.3,"Data volume intensity elevated (Dw=0.78 >= 0.7), throttling batch size (32 -> 24)"
28,36.22,S2,SAMCS,4,1004,0.6678,0.7,Dw (0.7711) >= 0.7 AND batchSize (24) > 16,0.8113249911106558,16,TRIGGER_ADAPTATION,ADJUST_PARAMETERS,16,24,13.3,0.16401118110225119,16,16,0.3,"Data volume intensity elevated (Dw=0.77 >= 0.7), throttling batch size (24 -> 16)"
0,0,S2,SAMCS,5,1005,0.7179,0.65,WCI (0.7179) >= 0.65,0.807396761446272,6,TRIGGER_ADAPTATION,SCALE_UP,4,32,39.5,0.34375209396303075,6,32,1.25,High complexity: WCI=0.72 >= 0.65
4,5.31,S2,SAMCS,5,1005,0.6552,0.65,WCI (0.6552) >= 0.65,0.765397523353062,8,TRIGGER_ADAPTATION,SCALE_UP,6,32,24.31,0.20917282670046372,8,32,1.25,High complexity: WCI=0.66 >= 0.65
8,10.62,S2,SAMCS,5,1005,0.6816,0.65,WCI (0.6816) >= 0.65,0.8270803157395289,10,TRIGGER_ADAPTATION,SCALE_UP,8,32,14.97,0.22704285267470603,10,32,1.25,High complexity: WCI=0.68 >= 0.65
12,15.93,S2,SAMCS,5,1005,0.6905,0.65,WCI (0.6905) >= 0.65,0.8324378682629778,12,TRIGGER_ADAPTATION,SCALE_UP,10,32,14.84,0.2554987125983074,12,32,1.25,High complexity: WCI=0.69 >= 0.65
16,21.24,S2,SAMCS,5,1005,0.6974,0.65,WCI (0.6974) >= 0.65,0.8346016877901149,14,TRIGGER_ADAPTATION,SCALE_UP,12,32,15.57,0.20180391166157616,14,32,1.25,High complexity: WCI=0.70 >= 0.65
20,26.55,S2,SAMCS,5,1005,0.6841,0.65,WCI (0.6841) >= 0.65,0.8090332977593973,16,TRIGGER_ADAPTATION,SCALE_UP,14,32,13.12,0.25192984519606193,16,32,1.25,High complexity: WCI=0.68 >= 0.65
24,31.86,S2,SAMCS,5,1005,0.71,0.7,Dw (0.7920) >= 0.7 AND batchSize (32) > 16,0.8867790451618894,16,TRIGGER_ADAPTATION,ADJUST_PARAMETERS,16,32,14.52,0.16869195450630312,16,24,0.3,"Data volume intensity elevated (Dw=0.79 >= 0.7), throttling batch size (32 -> 24)"
28,36.22,S2,SAMCS,5,1005,0.7597,0.7,Dw (0.7927) >= 0.7 AND batchSize (24) > 16,1,16,TRIGGER_ADAPTATION,ADJUST_PARAMETERS,16,24,10.68,0.16121447940106734,16,16,0.3,"Data volume intensity elevated (Dw=0.79 >= 0.7), throttling batch size (24 -> 16)"
0,0,S2,SAMCS,6,1006,0.708,0.65,WCI (0.7080) >= 0.65,0.8346978404081868,6,TRIGGER_ADAPTATION,SCALE_UP,4,32,42.58,0.33024130115102907,6,32,1.25,High complexity: WCI=0.71 >= 0.65
4,5.31,S2,SAMCS,6,1006,0.7297,0.65,WCI (0.7297) >= 0.65,0.8338526907815654,8,TRIGGER_ADAPTATION,SCALE_UP,6,32,39.69,0.3558503088880751,8,32,1.25,High complexity: WCI=0.73 >= 0.65
8,10.62,S2,SAMCS,6,1006,0.7061,0.65,WCI (0.7061) >= 0.65,0.8463403066879648,10,TRIGGER_ADAPTATION,SCALE_UP,8,32,23,0.2635133733202203,10,32,1.25,High complexity: WCI=0.71 >= 0.65
12,15.93,S2,SAMCS,6,1006,0.6554,0.65,WCI (0.6554) >= 0.65,0.7857070070366118,12,TRIGGER_ADAPTATION,SCALE_UP,10,32,17.88,0.1725421652790222,12,32,1.25,High complexity: WCI=0.66 >= 0.65
16,21.24,S2,SAMCS,6,1006,0.7046,0.65,WCI (0.7046) >= 0.65,0.8726927878170175,14,TRIGGER_ADAPTATION,SCALE_UP,12,32,11.71,0.1761567385232069,14,32,1.25,High complexity: WCI=0.70 >= 0.65
20,26.55,S2,SAMCS,6,1006,0.6571,0.65,WCI (0.6571) >= 0.65,0.7893096227923793,16,TRIGGER_ADAPTATION,SCALE_UP,14,32,13.11,0.19306876677923973,16,32,1.25,High complexity: WCI=0.66 >= 0.65
24,31.86,S2,SAMCS,6,1006,0.6754,0.7,Dw (0.7624) >= 0.7 AND batchSize (32) > 16,0.8289978266160433,16,TRIGGER_ADAPTATION,ADJUST_PARAMETERS,16,32,7.23,0.17768599527933088,16,24,0.3,"Data volume intensity elevated (Dw=0.76 >= 0.7), throttling batch size (32 -> 24)"
28,36.22,S2,SAMCS,6,1006,0.6542,0.7,Dw (0.7809) >= 0.7 AND batchSize (24) > 16,0.766427515517939,16,TRIGGER_ADAPTATION,ADJUST_PARAMETERS,16,24,10.22,0.17983069596237983,16,16,0.3,"Data volume intensity elevated (Dw=0.78 >= 0.7), throttling batch size (24 -> 16)"
0,0,S2,SAMCS,7,1007,0.7796,0.65,WCI (0.7796) >= 0.65,1,6,TRIGGER_ADAPTATION,SCALE_UP,4,32,34.41,0.24821873944186812,6,32,1.25,High complexity: WCI=0.78 >= 0.65
4,5.31,S2,SAMCS,7,1007,0.7067,0.65,WCI (0.7067) >= 0.65,0.8532506901172668,8,TRIGGER_ADAPTATION,SCALE_UP,6,32,27.53,0.27641928124187787,8,32,1.25,High complexity: WCI=0.71 >= 0.65
8,10.62,S2,SAMCS,7,1007,0.7005,0.65,WCI (0.7005) >= 0.65,0.8454321069660026,10,TRIGGER_ADAPTATION,SCALE_UP,8,32,22.33,0.2382060639623776,10,32,1.25,High complexity: WCI=0.70 >= 0.65
12,15.93,S2,SAMCS,7,1007,0.6823,0.65,WCI (0.6823) >= 0.65,0.818842314032459,12,TRIGGER_ADAPTATION,SCALE_UP,10,32,15.08,0.21854053362028705,12,32,1.25,High complexity: WCI=0.68 >= 0.65
16,21.24,S2,SAMCS,7,1007,0.6692,0.65,WCI (0.6692) >= 0.65,0.7887281780369196,14,TRIGGER_ADAPTATION,SCALE_UP,12,32,16.12,0.17267103406516646,14,32,1.25,High complexity: WCI=0.67 >= 0.65
20,26.55,S2,SAMCS,7,1007,0.6956,0.65,WCI (0.6956) >= 0.65,0.8457158565382344,16,TRIGGER_ADAPTATION,SCALE_UP,14,32,13.12,0.17867380252089382,16,32,1.25,High complexity: WCI=0.70 >= 0.65
24,31.86,S2,SAMCS,7,1007,0.6939,0.7,Dw (0.7479) >= 0.7 AND batchSize (32) > 16,0.8587833175132638,16,TRIGGER_ADAPTATION,ADJUST_PARAMETERS,16,32,6.96,0.22849308958907527,16,24,0.3,"Data volume intensity elevated (Dw=0.75 >= 0.7), throttling batch size (32 -> 24)"
28,36.22,S2,SAMCS,7,1007,0.6882,0.7,Dw (0.7611) >= 0.7 AND batchSize (24) > 16,0.8621856434807819,16,TRIGGER_ADAPTATION,ADJUST_PARAMETERS,16,24,9.13,0.16910220477392718,16,16,0.3,"Data volume intensity elevated (Dw=0.76 >= 0.7), throttling batch size (24 -> 16)"
0,0,S2,SAMCS,8,1008,0.7016,0.65,WCI (0.7016) >= 0.65,0.7890047661896974,6,TRIGGER_ADAPTATION,SCALE_UP,4,32,44.65,0.3192423768244979,6,32,1.25,High complexity: WCI=0.70 >= 0.65
4,5.31,S2,SAMCS,8,1008,0.6717,0.65,WCI (0.6717) >= 0.65,0.7927400477390109,8,TRIGGER_ADAPTATION,SCALE_UP,6,32,25.47,0.1947193454098525,8,32,1.25,High complexity: WCI=0.67 >= 0.65
8,10.62,S2,SAMCS,8,1008,0.7033,0.65,WCI (0.7033) >= 0.65,0.8546747414582947,10,TRIGGER_ADAPTATION,SCALE_UP,8,32,30.51,0.26780522133548057,10,32,1.25,High complexity: WCI=0.70 >= 0.65
12,15.93,S2,SAMCS,8,1008,0.65,0.65,WCI (0.6500) >= 0.65,0.7578530626962228,12,TRIGGER_ADAPTATION,SCALE_UP,10,32,10.44,0.22380638976519804,12,32,1.25,High complexity: WCI=0.65 >= 0.65
16,21.24,S2,SAMCS,8,1008,0.6688,0.65,WCI (0.6688) >= 0.65,0.805922021149325,14,TRIGGER_ADAPTATION,SCALE_UP,12,32,17.4,0.14972299840307743,14,32,1.25,High complexity: WCI=0.67 >= 0.65
20,26.55,S2,SAMCS,8,1008,0.6763,0.65,WCI (0.6763) >= 0.65,0.7902592677345789,16,TRIGGER_ADAPTATION,SCALE_UP,14,32,11.98,0.20446551646544758,16,32,1.25,High complexity: WCI=0.68 >= 0.65
24,31.86,S2,SAMCS,8,1008,0.6729,0.7,Dw (0.7538) >= 0.7 AND batchSize (32) > 16,0.805462381056081,16,TRIGGER_ADAPTATION,ADJUST_PARAMETERS,16,32,11.62,0.2328680891577004,16,24,0.3,"Data volume intensity elevated (Dw=0.75 >= 0.7), throttling batch size (32 -> 24)"
28,36.22,S2,SAMCS,8,1008,0.6907,0.7,Dw (0.7826) >= 0.7 AND batchSize (24) > 16,0.8201585246159756,16,TRIGGER_ADAPTATION,ADJUST_PARAMETERS,16,24,13.18,0.23856655125263065,16,16,0.3,"Data volume intensity elevated (Dw=0.78 >= 0.7), throttling batch size (24 -> 16)"
0,0,S2,SAMCS,9,1009,0.7148,0.65,WCI (0.7148) >= 0.65,0.8125626423510867,6,TRIGGER_ADAPTATION,SCALE_UP,4,32,40.1,0.32858873815910444,6,32,1.25,High complexity: WCI=0.71 >= 0.65
4,5.31,S2,SAMCS,9,1009,0.7691,0.65,WCI (0.7691) >= 0.65,1,8,TRIGGER_ADAPTATION,SCALE_UP,6,32,26.84,0.24867708953929846,8,32,1.25,High complexity: WCI=0.77 >= 0.65
8,10.62,S2,SAMCS,9,1009,0.7832,0.65,WCI (0.7832) >= 0.65,1,10,TRIGGER_ADAPTATION,SCALE_UP,8,32,23.1,0.2222233894482444,10,32,1.25,High complexity: WCI=0.78 >= 0.65
12,15.93,S2,SAMCS,9,1009,0.665,0.65,WCI (0.6650) >= 0.65,0.8310353086403731,12,TRIGGER_ADAPTATION,SCALE_UP,10,32,12.11,0.13765332769828725,12,32,1.25,High complexity: WCI=0.67 >= 0.65
16,21.24,S2,SAMCS,9,1009,0.6861,0.65,WCI (0.6861) >= 0.65,0.8247139456447825,14,TRIGGER_ADAPTATION,SCALE_UP,12,32,13.76,0.22587104151424064,14,32,1.25,High complexity: WCI=0.69 >= 0.65
20,26.55,S2,SAMCS,9,1009,0.6754,0.65,WCI (0.6754) >= 0.65,0.8362739323639152,16,TRIGGER_ADAPTATION,SCALE_UP,14,32,9.6,0.15329957001513353,16,32,1.25,High complexity: WCI=0.68 >= 0.65
24,31.86,S2,SAMCS,9,1009,0.6738,0.7,Dw (0.7999) >= 0.7 AND batchSize (32) > 16,0.8176514185959938,16,TRIGGER_ADAPTATION,ADJUST_PARAMETERS,16,32,9.05,0.12953853615582772,16,24,0.3,"Data volume intensity elevated (Dw=0.80 >= 0.7), throttling batch size (32 -> 24)"
28,36.22,S2,SAMCS,9,1009,0.6403,0.7,Dw (0.7701) >= 0.7 AND batchSize (24) > 16,0.7546760604072961,16,TRIGGER_ADAPTATION,ADJUST_PARAMETERS,16,24,12.51,0.15567206754391738,16,16,0.3,"Data volume intensity elevated (Dw=0.77 >= 0.7), throttling batch size (24 -> 16)"
0,0,S2,SAMCS,10,1010,0.7747,0.65,WCI (0.7747) >= 0.65,1,6,TRIGGER_ADAPTATION,SCALE_UP,4,32,40.39,0.2632485183263517,6,32,1.25,High complexity: WCI=0.77 >= 0.65
4,5.31,S2,SAMCS,10,1010,0.6934,0.65,WCI (0.6934) >= 0.65,0.807583033015721,8,TRIGGER_ADAPTATION,SCALE_UP,6,32,33.03,0.2858394329028361,8,32,1.25,High complexity: WCI=0.69 >= 0.65
8,10.62,S2,SAMCS,10,1010,0.7146,0.65,WCI (0.7146) >= 0.65,0.8252293351073599,10,TRIGGER_ADAPTATION,SCALE_UP,8,32,20.98,0.33642522840754996,10,32,1.25,High complexity: WCI=0.71 >= 0.65
12,15.93,S2,SAMCS,10,1010,0.6151,0.7,Dw (0.7343) >= 0.7 AND batchSize (32) > 16,0.7298445563703895,10,TRIGGER_ADAPTATION,ADJUST_PARAMETERS,10,32,14.87,0.14807962943452718,10,24,0.3,"Data volume intensity elevated (Dw=0.73 >= 0.7), throttling batch size (32 -> 24)"
16,20.29,S2,SAMCS,10,1010,0.7203,0.65,WCI (0.7203) >= 0.65,0.8377113107324996,12,TRIGGER_ADAPTATION,SCALE_UP,10,24,21.55,0.2958019466036067,12,24,1.25,High complexity: WCI=0.72 >= 0.65
20,25.6,S2,SAMCS,10,1010,0.7241,0.65,WCI (0.7241) >= 0.65,0.8794587935103126,14,TRIGGER_ADAPTATION,SCALE_UP,12,24,16.75,0.21655991760893123,14,24,1.25,High complexity: WCI=0.72 >= 0.65
24,30.91,S2,SAMCS,10,1010,0.6874,0.65,WCI (0.6874) >= 0.65,0.8280531740921272,16,TRIGGER_ADAPTATION,SCALE_UP,14,24,8.38,0.24050371800546805,16,24,1.25,High complexity: WCI=0.69 >= 0.65
28,36.22,S2,SAMCS,10,1010,0.6763,0.7,Dw (0.7958) >= 0.7 AND batchSize (24) > 16,0.8320086854282865,16,TRIGGER_ADAPTATION,ADJUST_PARAMETERS,16,24,11.23,0.11696250502407862,16,16,0.3,"Data volume intensity elevated (Dw=0.80 >= 0.7), throttling batch size (24 -> 16)"
0,0,S2,SAMCS,11,1011,0.7081,0.65,WCI (0.7081) >= 0.65,0.7776598015304655,6,TRIGGER_ADAPTATION,SCALE_UP,4,32,42.44,0.31356138850461296,6,32,1.25,High complexity: WCI=0.71 >= 0.65
4,5.31,S2,SAMCS,11,1011,0.7149,0.65,WCI (0.7149) >= 0.65,0.8428125017784642,8,TRIGGER_ADAPTATION,SCALE_UP,6,32,30.5,0.3092464162522807,8,32,1.25,High complexity: WCI=0.71 >= 0.65
8,10.62,S2,SAMCS,11,1011,0.6753,0.65,WCI (0.6753) >= 0.65,0.7897557842618932,10,TRIGGER_ADAPTATION,SCALE_UP,8,32,23.44,0.22215674187208484,10,32,1.25,High complexity: WCI=0.68 >= 0.65
12,15.93,S2,SAMCS,11,1011,0.7144,0.65,WCI (0.7144) >= 0.65,0.8215316337655477,12,TRIGGER_ADAPTATION,SCALE_UP,10,32,18.94,0.24287236479741864,12,32,1.25,High complexity: WCI=0.71 >= 0.65
16,21.24,S2,SAMCS,11,1011,0.6438,0.7,Dw (0.7771) >= 0.7 AND batchSize (32) > 16,0.743612673089271,12,TRIGGER_ADAPTATION,ADJUST_PARAMETERS,12,32,14.22,0.1859941994839975,12,24,0.3,"Data volume intensity elevated (Dw=0.78 >= 0.7), throttling batch size (32 -> 24)"
20,25.6,S2,SAMCS,11,1011,0.7264,0.65,WCI (0.7264) >= 0.65,0.8845338039195325,14,TRIGGER_ADAPTATION,SCALE_UP,12,24,14.27,0.25331501255895134,14,24,1.25,High complexity: WCI=0.73 >= 0.65
24,30.91,S2,SAMCS,11,1011,0.672,0.65,WCI (0.6720) >= 0.65,0.8270624291081783,16,TRIGGER_ADAPTATION,SCALE_UP,14,24,7.13,0.1321025847196935,16,24,1.25,High complexity: WCI=0.67 >= 0.65
28,36.22,S2,SAMCS,11,1011,0.7068,0.7,Dw (0.8366) >= 0.7 AND batchSize (24) > 16,0.8232636072977765,16,TRIGGER_ADAPTATION,ADJUST_PARAMETERS,16,24,10.77,0.21776562982406134,16,16,0.3,"Data volume intensity elevated (Dw=0.84 >= 0.7), throttling batch size (24 -> 16)"
0,0,S2,SAMCS,12,1012,0.7177,0.65,WCI (0.7177) >= 0.65,0.8084634373116841,6,TRIGGER_ADAPTATION,SCALE_UP,4,32,36.92,0.37024364619965805,6,32,1.25,High complexity: WCI=0.72 >= 0.65
4,5.31,S2,SAMCS,12,1012,0.6705,0.65,WCI (0.6705) >= 0.65,0.7821299737227554,8,TRIGGER_ADAPTATION,SCALE_UP,6,32,29.42,0.1736768108005931,8,32,1.25,High complexity: WCI=0.67 >= 0.65
8,10.62,S2,SAMCS,12,1012,0.713,0.65,WCI (0.7130) >= 0.65,0.8422342122912089,10,TRIGGER_ADAPTATION,SCALE_UP,8,32,22.72,0.28209838769877443,10,32,1.25,High complexity: WCI=0.71 >= 0.65
12,15.93,S2,SAMCS,12,1012,0.6779,0.65,WCI (0.6779) >= 0.65,0.8409246690590264,12,TRIGGER_ADAPTATION,SCALE_UP,10,32,10.5,0.18051654680532578,12,32,1.25,High complexity: WCI=0.68 >= 0.65
16,21.24,S2,SAMCS,12,1012,0.67,0.65,WCI (0.6700) >= 0.65,0.8411346616798815,14,TRIGGER_ADAPTATION,SCALE_UP,12,32,11.44,0.16208366189235623,14,32,1.25,High complexity: WCI=0.67 >= 0.65
20,26.55,S2,SAMCS,12,1012,0.7137,0.65,WCI (0.7137) >= 0.65,0.8772448330870888,16,TRIGGER_ADAPTATION,SCALE_UP,14,32,12.19,0.24228215033023653,16,32,1.25,High complexity: WCI=0.71 >= 0.65
24,31.86,S2,SAMCS,12,1012,0.7205,0.7,Dw (0.7767) >= 0.7 AND batchSize (32) > 16,0.859871679408001,16,TRIGGER_ADAPTATION,ADJUST_PARAMETERS,16,32,8.74,0.3085369705856199,16,24,0.3,"Data volume intensity elevated (Dw=0.78 >= 0.7), throttling batch size (32 -> 24)"
28,36.22,S2,SAMCS,12,1012,0.6674,0.7,Dw (0.7817) >= 0.7 AND batchSize (24) > 16,0.8066917370712575,16,TRIGGER_ADAPTATION,ADJUST_PARAMETERS,16,24,11.22,0.15369131269178476,16,16,0.3,"Data volume intensity elevated (Dw=0.78 >= 0.7), throttling batch size (24 -> 16)"
0,0,S2,SAMCS,13,1013,0.7237,0.65,WCI (0.7237) >= 0.65,0.8687310920032182,6,TRIGGER_ADAPTATION,SCALE_UP,4,32,42.8,0.30096595822758787,6,32,1.25,High complexity: WCI=0.72 >= 0.65
4,5.31,S2,SAMCS,13,1013,0.7147,0.65,WCI (0.7147) >= 0.65,0.8471000105199297,8,TRIGGER_ADAPTATION,SCALE_UP,6,32,29.76,0.24173676439137595,8,32,1.25,High complexity: WCI=0.71 >= 0.65
8,10.62,S2,SAMCS,13,1013,0.6895,0.65,WCI (0.6895) >= 0.65,0.8287508528882933,10,TRIGGER_ADAPTATION,SCALE_UP,8,32,22.12,0.2120820471404361,10,32,1.25,High complexity: WCI=0.69 >= 0.65
12,15.93,S2,SAMCS,13,1013,0.6887,0.65,WCI (0.6887) >= 0.65,0.8642636726218084,12,TRIGGER_ADAPTATION,SCALE_UP,10,32,14.12,0.15121737962115472,12,32,1.25,High complexity: WCI=0.69 >= 0.65
16,21.24,S2,SAMCS,13,1013,0.6771,0.65,WCI (0.6771) >= 0.65,0.7991630487847009,14,TRIGGER_ADAPTATION,SCALE_UP,12,32,17.64,0.19268704755900826,14,32,1.25,High complexity: WCI=0.68 >= 0.65
20,26.55,S2,SAMCS,13,1013,0.6796,0.65,WCI (0.6796) >= 0.65,0.8184814446933163,16,TRIGGER_ADAPTATION,SCALE_UP,14,32,12.98,0.13271844349587647,16,32,1.25,High complexity: WCI=0.68 >= 0.65
24,31.86,S2,SAMCS,13,1013,0.6872,0.7,Dw (0.7838) >= 0.7 AND batchSize (32) > 16,0.8124974237386688,16,TRIGGER_ADAPTATION,ADJUST_PARAMETERS,16,32,11.8,0.23632713644169567,16,24,0.3,"Data volume intensity elevated (Dw=0.78 >= 0.7), throttling batch size (32 -> 24)"
28,36.22,S2,SAMCS,13,1013,0.7107,0.7,Dw (0.7692) >= 0.7 AND batchSize (24) > 16,0.8683028945541517,16,TRIGGER_ADAPTATION,ADJUST_PARAMETERS,16,24,13.03,0.2539605007855254,16,16,0.3,"Data volume intensity elevated (Dw=0.77 >= 0.7), throttling batch size (24 -> 16)"
0,0,S2,SAMCS,14,1014,0.7123,0.65,WCI (0.7123) >= 0.65,0.8479504127786083,6,TRIGGER_ADAPTATION,SCALE_UP,4,32,47.08,0.3019185695900773,6,32,1.25,High complexity: WCI=0.71 >= 0.65
4,5.31,S2,SAMCS,14,1014,0.7711,0.65,WCI (0.7711) >= 0.65,1,8,TRIGGER_ADAPTATION,SCALE_UP,6,32,23.76,0.1782121210224767,8,32,1.25,High complexity: WCI=0.77 >= 0.65
8,10.62,S2,SAMCS,14,1014,0.6738,0.65,WCI (0.6738) >= 0.65,0.7845344230789736,10,TRIGGER_ADAPTATION,SCALE_UP,8,32,25.02,0.20685562069861932,10,32,1.25,High complexity: WCI=0.67 >= 0.65
12,15.93,S2,SAMCS,14,1014,0.7048,0.65,WCI (0.7048) >= 0.65,0.8371195441173823,12,TRIGGER_ADAPTATION,SCALE_UP,10,32,18.54,0.22792846903710204,12,32,1.25,High complexity: WCI=0.70 >= 0.65
16,21.24,S2,SAMCS,14,1014,0.6952,0.65,WCI (0.6952) >= 0.65,0.8381234927072277,14,TRIGGER_ADAPTATION,SCALE_UP,12,32,13.74,0.23428654866343315,14,32,1.25,High complexity: WCI=0.70 >= 0.65
20,26.55,S2,SAMCS,14,1014,0.7006,0.65,WCI (0.7006) >= 0.65,0.8091777075843016,16,TRIGGER_ADAPTATION,SCALE_UP,14,32,15.08,0.2753877554782522,16,32,1.25,High complexity: WCI=0.70 >= 0.65
24,31.86,S2,SAMCS,14,1014,0.6636,0.7,Dw (0.7754) >= 0.7 AND batchSize (32) > 16,0.8135668822911964,16,TRIGGER_ADAPTATION,ADJUST_PARAMETERS,16,32,11.6,0.13068281265722897,16,24,0.3,"Data volume intensity elevated (Dw=0.78 >= 0.7), throttling batch size (32 -> 24)"
28,36.22,S2,SAMCS,14,1014,0.623,0.7,Dw (0.7808) >= 0.7 AND batchSize (24) > 16,0.7367606930468477,16,TRIGGER_ADAPTATION,ADJUST_PARAMETERS,16,24,8.98,0.09076249559419734,16,16,0.3,"Data volume intensity elevated (Dw=0.78 >= 0.7), throttling batch size (24 -> 16)"
0,0,S2,SAMCS,15,1015,0.6976,0.65,WCI (0.6976) >= 0.65,0.802755133073991,6,TRIGGER_ADAPTATION,SCALE_UP,4,32,45.74,0.30419918521652145,6,32,1.25,High complexity: WCI=0.70 >= 0.65
4,5.31,S2,SAMCS,15,1015,0.6836,0.65,WCI (0.6836) >= 0.65,0.8374362363159505,8,TRIGGER_ADAPTATION,SCALE_UP,6,32,28.01,0.18444852053659982,8,32,1.25,High complexity: WCI=0.68 >= 0.65
8,10.62,S2,SAMCS,15,1015,0.6672,0.65,WCI (0.6672) >= 0.65,0.796504804449271,10,TRIGGER_ADAPTATION,SCALE_UP,8,32,20.57,0.2023983948049755,10,32,1.25,High complexity: WCI=0.67 >= 0.65
12,15.93,S2,SAMCS,15,1015,0.6596,0.65,WCI (0.6596) >= 0.65,0.7769598600627092,12,TRIGGER_ADAPTATION,SCALE_UP,10,32,19.58,0.21585779683398582,12,32,1.25,High complexity: WCI=0.66 >= 0.65
16,21.24,S2,SAMCS,15,1015,0.6803,0.65,WCI (0.6803) >= 0.65,0.800432635421943,14,TRIGGER_ADAPTATION,SCALE_UP,12,32,18.41,0.22612431542740208,14,32,1.25,High complexity: WCI=0.68 >= 0.65
20,26.55,S2,SAMCS,15,1015,0.6641,0.65,WCI (0.6641) >= 0.65,0.8065115247794488,16,TRIGGER_ADAPTATION,SCALE_UP,14,32,9.64,0.16885335153708797,16,32,1.25,High complexity: WCI=0.66 >= 0.65
24,31.86,S2,SAMCS,15,1015,0.679,0.7,Dw (0.7618) >= 0.7 AND batchSize (32) > 16,0.8574965447651859,16,TRIGGER_ADAPTATION,ADJUST_PARAMETERS,16,32,9.65,0.13237132592671103,16,24,0.3,"Data volume intensity elevated (Dw=0.76 >= 0.7), throttling batch size (32 -> 24)"
28,36.22,S2,SAMCS,15,1015,0.6315,0.7,Dw (0.7578) >= 0.7 AND batchSize (24) > 16,0.7732043811671799,16,TRIGGER_ADAPTATION,ADJUST_PARAMETERS,16,24,13.01,0.09177131692323787,16,16,0.3,"Data volume intensity elevated (Dw=0.76 >= 0.7), throttling batch size (24 -> 16)"
0,0,S2,SAMCS,16,1016,0.7063,0.65,WCI (0.7063) >= 0.65,0.8671206051434996,6,TRIGGER_ADAPTATION,SCALE_UP,4,32,39.05,0.2166379955479203,6,32,1.25,High complexity: WCI=0.71 >= 0.65
4,5.31,S2,SAMCS,16,1016,0.7101,0.65,WCI (0.7101) >= 0.65,0.8343777387698168,8,TRIGGER_ADAPTATION,SCALE_UP,6,32,32,0.24767693932459847,8,32,1.25,High complexity: WCI=0.71 >= 0.65
8,10.62,S2,SAMCS,16,1016,0.7596,0.65,WCI (0.7596) >= 0.65,1,10,TRIGGER_ADAPTATION,SCALE_UP,8,32,17.03,0.1930390493652125,10,32,1.25,High complexity: WCI=0.76 >= 0.65
12,15.93,S2,SAMCS,16,1016,0.6712,0.65,WCI (0.6712) >= 0.65,0.7901039583917049,12,TRIGGER_ADAPTATION,SCALE_UP,10,32,14.34,0.18562665307541937,12,32,1.25,High complexity: WCI=0.67 >= 0.65
16,21.24,S2,SAMCS,16,1016,0.7048,0.65,WCI (0.7048) >= 0.65,0.8811912440275088,14,TRIGGER_ADAPTATION,SCALE_UP,12,32,14.22,0.18486720423869885,14,32,1.25,High complexity: WCI=0.70 >= 0.65
20,26.55,S2,SAMCS,16,1016,0.7564,0.65,WCI (0.7564) >= 0.65,1,16,TRIGGER_ADAPTATION,SCALE_UP,14,32,9.72,0.18212366433049426,16,32,1.25,High complexity: WCI=0.76 >= 0.65
24,31.86,S2,SAMCS,16,1016,0.6925,0.7,Dw (0.8034) >= 0.7 AND batchSize (32) > 16,0.8259944914045858,16,TRIGGER_ADAPTATION,ADJUST_PARAMETERS,16,32,10.11,0.1979351090581567,16,24,0.3,"Data volume intensity elevated (Dw=0.80 >= 0.7), throttling batch size (32 -> 24)"
28,36.22,S2,SAMCS,16,1016,0.6678,0.7,Dw (0.7194) >= 0.7 AND batchSize (24) > 16,0.8232805628561082,16,TRIGGER_ADAPTATION,ADJUST_PARAMETERS,16,24,10.32,0.227611793924131,16,16,0.3,"Data volume intensity elevated (Dw=0.72 >= 0.7), throttling batch size (24 -> 16)"
0,0,S2,SAMCS,17,1017,0.7199,0.65,WCI (0.7199) >= 0.65,0.8582615165074989,6,TRIGGER_ADAPTATION,SCALE_UP,4,32,54.78,0.2841724124806776,6,32,1.25,High complexity: WCI=0.72 >= 0.65
4,5.31,S2,SAMCS,17,1017,0.6863,0.65,WCI (0.6863) >= 0.65,0.7947621570251655,8,TRIGGER_ADAPTATION,SCALE_UP,6,32,27.39,0.2513875968091488,8,32,1.25,High complexity: WCI=0.69 >= 0.65
8,10.62,S2,SAMCS,17,1017,0.7749,0.65,WCI (0.7749) >= 0.65,1,10,TRIGGER_ADAPTATION,SCALE_UP,8,32,19.88,0.18392678130795162,10,32,1.25,High complexity: WCI=0.77 >= 0.65
12,15.93,S2,SAMCS,17,1017,0.6637,0.65,WCI (0.6637) >= 0.65,0.8341399519223233,12,TRIGGER_ADAPTATION,SCALE_UP,10,32,20.74,0.10621489016589994,12,32,1.25,High complexity: WCI=0.66 >= 0.65
16,21.24,S2,SAMCS,17,1017,0.7061,0.65,WCI (0.7061) >= 0.65,0.8423274253001087,14,TRIGGER_ADAPTATION,SCALE_UP,12,32,12.35,0.1731534493187057,14,32,1.25,High complexity: WCI=0.71 >= 0.65
20,26.55,S2,SAMCS,17,1017,0.6568,0.65,WCI (0.6568) >= 0.65,0.8113239636204844,16,TRIGGER_ADAPTATION,SCALE_UP,14,32,11.01,0.15141163495479323,16,32,1.25,High complexity: WCI=0.66 >= 0.65
24,31.86,S2,SAMCS,17,1017,0.6899,0.7,Dw (0.7669) >= 0.7 AND batchSize (32) > 16,0.8372536982713796,16,TRIGGER_ADAPTATION,ADJUST_PARAMETERS,16,32,7.73,0.22371413473205792,16,24,0.3,"Data volume intensity elevated (Dw=0.77 >= 0.7), throttling batch size (32 -> 24)"
28,36.22,S2,SAMCS,17,1017,0.6679,0.7,Dw (0.7794) >= 0.7 AND batchSize (24) > 16,0.7977234378168718,16,TRIGGER_ADAPTATION,ADJUST_PARAMETERS,16,24,9.92,0.18086534854538397,16,16,0.3,"Data volume intensity elevated (Dw=0.78 >= 0.7), throttling batch size (24 -> 16)"
0,0,S2,SAMCS,18,1018,0.6869,0.65,WCI (0.6869) >= 0.65,0.8018691708866502,6,TRIGGER_ADAPTATION,SCALE_UP,4,32,36.58,0.278303161428517,6,32,1.25,High complexity: WCI=0.69 >= 0.65
4,5.31,S2,SAMCS,18,1018,0.6476,0.7,Dw (0.7435) >= 0.7 AND batchSize (32) > 16,0.7579954389227606,6,TRIGGER_ADAPTATION,ADJUST_PARAMETERS,6,32,28.69,0.23125535855909704,6,24,0.3,"Data volume intensity elevated (Dw=0.74 >= 0.7), throttling batch size (32 -> 24)"
8,9.67,S2,SAMCS,18,1018,0.6912,0.65,WCI (0.6912) >= 0.65,0.8280938577837278,8,TRIGGER_ADAPTATION,SCALE_UP,6,24,27.08,0.22271605570770453,8,24,1.25,High complexity: WCI=0.69 >= 0.65
12,14.98,S2,SAMCS,18,1018,0.7241,0.65,WCI (0.7241) >= 0.65,0.8705854489795074,10,TRIGGER_ADAPTATION,SCALE_UP,8,24,29.11,0.2688370032423027,10,24,1.25,High complexity: WCI=0.72 >= 0.65
16,20.29,S2,SAMCS,18,1018,0.6779,0.65,WCI (0.6779) >= 0.65,0.8339191052234184,12,TRIGGER_ADAPTATION,SCALE_UP,10,24,18.36,0.1725478867680292,12,24,1.25,High complexity: WCI=0.68 >= 0.65
20,25.6,S2,SAMCS,18,1018,0.7571,0.65,WCI (0.7571) >= 0.65,1,14,TRIGGER_ADAPTATION,SCALE_UP,12,24,12.42,0.1508331348610624,14,24,1.25,High complexity: WCI=0.76 >= 0.65
24,30.91,S2,SAMCS,18,1018,0.6795,0.65,WCI (0.6795) >= 0.65,0.796353893618211,16,TRIGGER_ADAPTATION,SCALE_UP,14,24,10.04,0.22399629029230722,16,24,1.25,High complexity: WCI=0.68 >= 0.65
28,36.22,S2,SAMCS,18,1018,0.6842,0.7,Dw (0.8010) >= 0.7 AND batchSize (24) > 16,0.8546094797706367,16,TRIGGER_ADAPTATION,ADJUST_PARAMETERS,16,24,8.56,0.09615735481863666,16,16,0.3,"Data volume intensity elevated (Dw=0.80 >= 0.7), throttling batch size (24 -> 16)"
0,0,S2,SAMCS,19,1019,0.7328,0.65,WCI (0.7328) >= 0.65,0.8638637751203272,6,TRIGGER_ADAPTATION,SCALE_UP,4,32,41.8,0.3797909078627856,6,32,1.25,High complexity: WCI=0.73 >= 0.65
4,5.31,S2,SAMCS,19,1019,0.785,0.65,WCI (0.7850) >= 0.65,1,8,TRIGGER_ADAPTATION,SCALE_UP,6,32,43.17,0.2900771522091069,8,32,1.25,High complexity: WCI=0.79 >= 0.65
8,10.62,S2,SAMCS,19,1019,0.7662,0.65,WCI (0.7662) >= 0.65,1,10,TRIGGER_ADAPTATION,SCALE_UP,8,32,16.61,0.15977523218073275,10,32,1.25,High complexity: WCI=0.77 >= 0.65
12,15.93,S2,SAMCS,19,1019,0.6574,0.65,WCI (0.6574) >= 0.65,0.7487930499266962,12,TRIGGER_ADAPTATION,SCALE_UP,10,32,13.26,0.23462105662778032,12,32,1.25,High complexity: WCI=0.66 >= 0.65
16,21.24,S2,SAMCS,19,1019,0.7065,0.65,WCI (0.7065) >= 0.65,0.8239348139190344,14,TRIGGER_ADAPTATION,SCALE_UP,12,32,18.96,0.299414715120497,14,32,1.25,High complexity: WCI=0.71 >= 0.65
20,26.55,S2,SAMCS,19,1019,0.6575,0.65,WCI (0.6575) >= 0.65,0.7787962611308406,16,TRIGGER_ADAPTATION,SCALE_UP,14,32,8.04,0.16774642436355183,16,32,1.25,High complexity: WCI=0.66 >= 0.65
24,31.86,S2,SAMCS,19,1019,0.6791,0.7,Dw (0.8077) >= 0.7 AND batchSize (32) > 16,0.7907007555789067,16,TRIGGER_ADAPTATION,ADJUST_PARAMETERS,16,32,11.29,0.2028641137147482,16,24,0.3,"Data volume intensity elevated (Dw=0.81 >= 0.7), throttling batch size (32 -> 24)"
28,36.22,S2,SAMCS,19,1019,0.6625,0.7,Dw (0.7972) >= 0.7 AND batchSize (24) > 16,0.7768066170916919,16,TRIGGER_ADAPTATION,ADJUST_PARAMETERS,16,24,11.27,0.1695039694420784,16,16,0.3,"Data volume intensity elevated (Dw=0.80 >= 0.7), throttling batch size (24 -> 16)"
0,0,S2,SAMCS,20,1020,0.7861,0.65,WCI (0.7861) >= 0.65,1,6,TRIGGER_ADAPTATION,SCALE_UP,4,32,47.52,0.297132697229796,6,32,1.25,High complexity: WCI=0.79 >= 0.65
4,5.31,S2,SAMCS,20,1020,0.6981,0.65,WCI (0.6981) >= 0.65,0.83668784985734,8,TRIGGER_ADAPTATION,SCALE_UP,6,32,29.47,0.26489624094586417,8,32,1.25,High complexity: WCI=0.70 >= 0.65
8,10.62,S2,SAMCS,20,1020,0.7214,0.65,WCI (0.7214) >= 0.65,0.8225829463832769,10,TRIGGER_ADAPTATION,SCALE_UP,8,32,20.94,0.3581857826930144,10,32,1.25,High complexity: WCI=0.72 >= 0.65
12,15.93,S2,SAMCS,20,1020,0.6835,0.65,WCI (0.6835) >= 0.65,0.8081184844739087,12,TRIGGER_ADAPTATION,SCALE_UP,10,32,16.63,0.2037203520602484,12,32,1.25,High complexity: WCI=0.68 >= 0.65
16,21.24,S2,SAMCS,20,1020,0.7088,0.65,WCI (0.7088) >= 0.65,0.8757518955818153,14,TRIGGER_ADAPTATION,SCALE_UP,12,32,14.85,0.20762877281617725,14,32,1.25,High complexity: WCI=0.71 >= 0.65
20,26.55,S2,SAMCS,20,1020,0.7622,0.65,WCI (0.7622) >= 0.65,1,16,TRIGGER_ADAPTATION,SCALE_UP,14,32,7.16,0.2135855075238278,16,32,1.25,High complexity: WCI=0.76 >= 0.65
24,31.86,S2,SAMCS,20,1020,0.6993,0.7,Dw (0.8458) >= 0.7 AND batchSize (32) > 16,0.8470338047631198,16,TRIGGER_ADAPTATION,ADJUST_PARAMETERS,16,32,12.36,0.11073316194454642,16,24,0.3,"Data volume intensity elevated (Dw=0.85 >= 0.7), throttling batch size (32 -> 24)"
28,36.22,S2,SAMCS,20,1020,0.7138,0.7,Dw (0.7573) >= 0.7 AND batchSize (24) > 16,0.904082576398924,16,TRIGGER_ADAPTATION,ADJUST_PARAMETERS,16,24,13.08,0.20940461598843788,16,16,0.3,"Data volume intensity elevated (Dw=0.76 >= 0.7), throttling batch size (24 -> 16)"
0,0,S2,SAMCS,21,1021,0.7118,0.65,WCI (0.7118) >= 0.65,0.8121502833503944,6,TRIGGER_ADAPTATION,SCALE_UP,4,32,46.63,0.31398220105767544,6,32,1.25,High complexity: WCI=0.71 >= 0.65
4,5.31,S2,SAMCS,21,1021,0.7867,0.65,WCI (0.7867) >= 0.65,1,8,TRIGGER_ADAPTATION,SCALE_UP,6,32,30.2,0.24402817520494488,8,32,1.25,High complexity: WCI=0.79 >= 0.65
8,10.62,S2,SAMCS,21,1021,0.6779,0.65,WCI (0.6779) >= 0.65,0.8115975742626137,10,TRIGGER_ADAPTATION,SCALE_UP,8,32,17.15,0.20428414287216637,10,32,1.25,High complexity: WCI=0.68 >= 0.65
12,15.93,S2,SAMCS,21,1021,0.6939,0.65,WCI (0.6939) >= 0.65,0.8370559795575601,12,TRIGGER_ADAPTATION,SCALE_UP,10,32,18.33,0.22553924948707035,12,32,1.25,High complexity: WCI=0.69 >= 0.65
16,21.24,S2,SAMCS,21,1021,0.6854,0.65,WCI (0.6854) >= 0.65,0.7974228758364391,14,TRIGGER_ADAPTATION,SCALE_UP,12,32,16.72,0.2506429988435432,14,32,1.25,High complexity: WCI=0.69 >= 0.65
20,26.55,S2,SAMCS,21,1021,0.6798,0.65,WCI (0.6798) >= 0.65,0.8038178222349336,16,TRIGGER_ADAPTATION,SCALE_UP,14,32,16.35,0.18855334907858834,16,32,1.25,High complexity: WCI=0.68 >= 0.65
24,31.86,S2,SAMCS,21,1021,0.6817,0.7,Dw (0.8198) >= 0.7 AND batchSize (32) > 16,0.7800609527197433,16,TRIGGER_ADAPTATION,ADJUST_PARAMETERS,16,32,7.65,0.2184980198116748,16,24,0.3,"Data volume intensity elevated (Dw=0.82 >= 0.7), throttling batch size (32 -> 24)"
28,36.22,S2,SAMCS,21,1021,0.6732,0.7,Dw (0.8060) >= 0.7 AND batchSize (24) > 16,0.7960808176466454,16,TRIGGER_ADAPTATION,ADJUST_PARAMETERS,16,24,11.71,0.16420255943198564,16,16,0.3,"Data volume intensity elevated (Dw=0.81 >= 0.7), throttling batch size (24 -> 16)"
0,0,S2,SAMCS,22,1022,0.7089,0.65,WCI (0.7089) >= 0.65,0.803150907828375,6,TRIGGER_ADAPTATION,SCALE_UP,4,32,42.33,0.3345146789596347,6,32,1.25,High complexity: WCI=0.71 >= 0.65
4,5.31,S2,SAMCS,22,1022,0.6526,0.65,WCI (0.6526) >= 0.65,0.7758565816828336,8,TRIGGER_ADAPTATION,SCALE_UP,6,32,28.18,0.19740196894504303,8,32,1.25,High complexity: WCI=0.65 >= 0.65
8,10.62,S2,SAMCS,22,1022,0.7111,0.65,WCI (0.7111) >= 0.65,0.823849670681111,10,TRIGGER_ADAPTATION,SCALE_UP,8,32,28.58,0.2845133992500283,10,32,1.25,High complexity: WCI=0.71 >= 0.65
12,15.93,S2,SAMCS,22,1022,0.6917,0.65,WCI (0.6917) >= 0.65,0.8257022155934759,12,TRIGGER_ADAPTATION,SCALE_UP,10,32,17.9,0.20998844904155828,12,32,1.25,High complexity: WCI=0.69 >= 0.65
16,21.24,S2,SAMCS,22,1022,0.6952,0.65,WCI (0.6952) >= 0.65,0.820182099570167,14,TRIGGER_ADAPTATION,SCALE_UP,12,32,16.84,0.22146575813702313,14,32,1.25,High complexity: WCI=0.70 >= 0.65
20,26.55,S2,SAMCS,22,1022,0.7066,0.65,WCI (0.7066) >= 0.65,0.8323930464081581,16,TRIGGER_ADAPTATION,SCALE_UP,14,32,12.5,0.2519995960360571,16,32,1.25,High complexity: WCI=0.71 >= 0.65
24,31.86,S2,SAMCS,22,1022,0.6838,0.7,Dw (0.7946) >= 0.7 AND batchSize (32) > 16,0.7939846905318527,16,TRIGGER_ADAPTATION,ADJUST_PARAMETERS,16,32,12.16,0.24197743778511413,16,24,0.3,"Data volume intensity elevated (Dw=0.79 >= 0.7), throttling batch size (32 -> 24)"
28,36.22,S2,SAMCS,22,1022,0.7131,0.7,Dw (0.7860) >= 0.7 AND batchSize (24) > 16,0.8678053056618756,16,TRIGGER_ADAPTATION,ADJUST_PARAMETERS,16,24,8.41,0.23754663577303178,16,16,0.3,"Data volume intensity elevated (Dw=0.79 >= 0.7), throttling batch size (24 -> 16)"
0,0,S2,SAMCS,23,1023,0.6936,0.65,WCI (0.6936) >= 0.65,0.8293516654515117,6,TRIGGER_ADAPTATION,SCALE_UP,4,32,34.96,0.24002320520654294,6,32,1.25,High complexity: WCI=0.69 >= 0.65
4,5.31,S2,SAMCS,23,1023,0.7114,0.65,WCI (0.7114) >= 0.65,0.830666538016645,8,TRIGGER_ADAPTATION,SCALE_UP,6,32,31.5,0.3193765309674962,8,32,1.25,High complexity: WCI=0.71 >= 0.65
8,10.62,S2,SAMCS,23,1023,0.6616,0.65,WCI (0.6616) >= 0.65,0.7742812383147433,10,TRIGGER_ADAPTATION,SCALE_UP,8,32,23.28,0.17345729059332088,10,32,1.25,High complexity: WCI=0.66 >= 0.65
12,15.93,S2,SAMCS,23,1023,0.6842,0.65,WCI (0.6842) >= 0.65,0.8025485943958173,12,TRIGGER_ADAPTATION,SCALE_UP,10,32,16.45,0.1953187385712281,12,32,1.25,High complexity: WCI=0.68 >= 0.65
16,21.24,S2,SAMCS,23,1023,0.6636,0.65,WCI (0.6636) >= 0.65,0.8178506301797028,14,TRIGGER_ADAPTATION,SCALE_UP,12,32,10.07,0.1700174783038438,14,32,1.25,High complexity: WCI=0.66 >= 0.65
20,26.55,S2,SAMCS,23,1023,0.6826,0.65,WCI (0.6826) >= 0.65,0.8282289260699988,16,TRIGGER_ADAPTATION,SCALE_UP,14,32,10.49,0.18124963861344415,16,32,1.25,High complexity: WCI=0.68 >= 0.65
24,31.86,S2,SAMCS,23,1023,0.6643,0.7,Dw (0.7671) >= 0.7 AND batchSize (32) > 16,0.7845447441266116,16,TRIGGER_ADAPTATION,ADJUST_PARAMETERS,16,32,9.39,0.21366303681215834,16,24,0.3,"Data volume intensity elevated (Dw=0.77 >= 0.7), throttling batch size (32 -> 24)"
28,36.22,S2,SAMCS,23,1023,0.6704,0.7,Dw (0.7928) >= 0.7 AND batchSize (24) > 16,0.8072494802009409,16,TRIGGER_ADAPTATION,ADJUST_PARAMETERS,16,24,10.39,0.1480957051044915,16,16,0.3,"Data volume intensity elevated (Dw=0.79 >= 0.7), throttling batch size (24 -> 16)"
0,0,S2,SAMCS,24,1024,0.6962,0.65,WCI (0.6962) >= 0.65,0.8197724479276495,6,TRIGGER_ADAPTATION,SCALE_UP,4,32,36.22,0.26421177161802617,6,32,1.25,High complexity: WCI=0.70 >= 0.65
4,5.31,S2,SAMCS,24,1024,0.688,0.65,WCI (0.6880) >= 0.65,0.7999046345408547,8,TRIGGER_ADAPTATION,SCALE_UP,6,32,24.67,0.25574802512194106,8,32,1.25,High complexity: WCI=0.69 >= 0.65
8,10.62,S2,SAMCS,24,1024,0.6942,0.65,WCI (0.6942) >= 0.65,0.8528910155638024,10,TRIGGER_ADAPTATION,SCALE_UP,8,32,21.92,0.18277250881314305,10,32,1.25,High complexity: WCI=0.69 >= 0.65
12,15.93,S2,SAMCS,24,1024,0.6882,0.65,WCI (0.6882) >= 0.65,0.8418704296490183,12,TRIGGER_ADAPTATION,SCALE_UP,10,32,14.79,0.16561541331334992,12,32,1.25,High complexity: WCI=0.69 >= 0.65
16,21.24,S2,SAMCS,24,1024,0.6915,0.65,WCI (0.6915) >= 0.65,0.8261822886999146,14,TRIGGER_ADAPTATION,SCALE_UP,12,32,15.69,0.19938961382290987,14,32,1.25,High complexity: WCI=0.69 >= 0.65
20,26.55,S2,SAMCS,24,1024,0.6517,0.65,WCI (0.6517) >= 0.65,0.7730915174891961,16,TRIGGER_ADAPTATION,SCALE_UP,14,32,12.78,0.1844462705674367,16,32,1.25,High complexity: WCI=0.65 >= 0.65
24,31.86,S2,SAMCS,24,1024,0.6932,0.7,Dw (0.7837) >= 0.7 AND batchSize (32) > 16,0.8526225200002983,16,TRIGGER_ADAPTATION,ADJUST_PARAMETERS,16,32,10.47,0.17624084506239476,16,24,0.3,"Data volume intensity elevated (Dw=0.78 >= 0.7), throttling batch size (32 -> 24)"
28,36.22,S2,SAMCS,24,1024,0.6802,0.7,Dw (0.7792) >= 0.7 AND batchSize (24) > 16,0.8093202592880462,16,TRIGGER_ADAPTATION,ADJUST_PARAMETERS,16,24,10.17,0.21650914108092928,16,16,0.3,"Data volume intensity elevated (Dw=0.78 >= 0.7), throttling batch size (24 -> 16)"
0,0,S2,SAMCS,25,1025,0.681,0.65,WCI (0.6810) >= 0.65,0.7969850488759233,6,TRIGGER_ADAPTATION,SCALE_UP,4,32,40.27,0.3062778098316734,6,32,1.25,High complexity: WCI=0.68 >= 0.65
4,5.31,S2,SAMCS,25,1025,0.6952,0.65,WCI (0.6952) >= 0.65,0.8356811124183958,8,TRIGGER_ADAPTATION,SCALE_UP,6,32,32.42,0.22488467325687886,8,32,1.25,High complexity: WCI=0.70 >= 0.65
8,10.62,S2,SAMCS,25,1025,0.7091,0.65,WCI (0.7091) >= 0.65,0.8397448944295061,10,TRIGGER_ADAPTATION,SCALE_UP,8,32,21.27,0.2856596113986833,10,32,1.25,High complexity: WCI=0.71 >= 0.65
12,15.93,S2,SAMCS,25,1025,0.7115,0.65,WCI (0.7115) >= 0.65,0.8680508362383644,12,TRIGGER_ADAPTATION,SCALE_UP,10,32,15.08,0.24214241744999648,12,32,1.25,High complexity: WCI=0.71 >= 0.65
16,21.24,S2,SAMCS,25,1025,0.6774,0.65,WCI (0.6774) >= 0.65,0.822826466741508,14,TRIGGER_ADAPTATION,SCALE_UP,12,32,15.14,0.21009135221827968,14,32,1.25,High complexity: WCI=0.68 >= 0.65
20,26.55,S2,SAMCS,25,1025,0.704,0.65,WCI (0.7040) >= 0.65,0.853395438241817,16,TRIGGER_ADAPTATION,SCALE_UP,14,32,12.77,0.2466087929862404,16,32,1.25,High complexity: WCI=0.70 >= 0.65
24,31.86,S2,SAMCS,25,1025,0.6882,0.7,Dw (0.8064) >= 0.7 AND batchSize (32) > 16,0.7934555620681983,16,TRIGGER_ADAPTATION,ADJUST_PARAMETERS,16,32,10.34,0.244524454945689,16,24,0.3,"Data volume intensity elevated (Dw=0.81 >= 0.7), throttling batch size (32 -> 24)"
28,36.22,S2,SAMCS,25,1025,0.6707,0.7,Dw (0.8078) >= 0.7 AND batchSize (24) > 16,0.811318222691147,16,TRIGGER_ADAPTATION,ADJUST_PARAMETERS,16,24,7.04,0.1142608744008368,16,16,0.3,"Data volume intensity elevated (Dw=0.81 >= 0.7), throttling batch size (24 -> 16)"
0,0,S2,SAMCS,26,1026,0.7311,0.65,WCI (0.7311) >= 0.65,0.8712797083726574,6,TRIGGER_ADAPTATION,SCALE_UP,4,32,39.17,0.27518596561227276,6,32,1.25,High complexity: WCI=0.73 >= 0.65
4,5.31,S2,SAMCS,26,1026,0.687,0.65,WCI (0.6870) >= 0.65,0.8288362084320112,8,TRIGGER_ADAPTATION,SCALE_UP,6,32,29.39,0.22817085639534754,8,32,1.25,High complexity: WCI=0.69 >= 0.65
8,10.62,S2,SAMCS,26,1026,0.6781,0.65,WCI (0.6781) >= 0.65,0.8096653103026745,10,TRIGGER_ADAPTATION,SCALE_UP,8,32,21.14,0.20746553499145792,10,32,1.25,High complexity: WCI=0.68 >= 0.65
12,15.93,S2,SAMCS,26,1026,0.6809,0.65,WCI (0.6809) >= 0.65,0.8009280995906097,12,TRIGGER_ADAPTATION,SCALE_UP,10,32,27.27,0.2734792548477644,12,32,1.25,High complexity: WCI=0.68 >= 0.65
16,21.24,S2,SAMCS,26,1026,0.6838,0.65,WCI (0.6838) >= 0.65,0.826096191194435,14,TRIGGER_ADAPTATION,SCALE_UP,12,32,11.94,0.21557973024465343,14,32,1.25,High complexity: WCI=0.68 >= 0.65
20,26.55,S2,SAMCS,26,1026,0.7012,0.65,WCI (0.7012) >= 0.65,0.8306657844774525,16,TRIGGER_ADAPTATION,SCALE_UP,14,32,9.77,0.2336574856947359,16,32,1.25,High complexity: WCI=0.70 >= 0.65
24,31.86,S2,SAMCS,26,1026,0.6769,0.7,Dw (0.7817) >= 0.7 AND batchSize (32) > 16,0.8272002554837996,16,TRIGGER_ADAPTATION,ADJUST_PARAMETERS,16,32,9.37,0.1552096888511756,16,24,0.3,"Data volume intensity elevated (Dw=0.78 >= 0.7), throttling batch size (32 -> 24)"
28,36.22,S2,SAMCS,26,1026,0.6562,0.7,Dw (0.7622) >= 0.7 AND batchSize (24) > 16,0.8010117975841766,16,TRIGGER_ADAPTATION,ADJUST_PARAMETERS,16,24,8.28,0.14519495289971646,16,16,0.3,"Data volume intensity elevated (Dw=0.76 >= 0.7), throttling batch size (24 -> 16)"
0,0,S2,SAMCS,27,1027,0.7271,0.65,WCI (0.7271) >= 0.65,0.8405478014760696,6,TRIGGER_ADAPTATION,SCALE_UP,4,32,52,0.3781673919219551,6,32,1.25,High complexity: WCI=0.73 >= 0.65
4,5.31,S2,SAMCS,27,1027,0.6811,0.65,WCI (0.6811) >= 0.65,0.7877895530213357,8,TRIGGER_ADAPTATION,SCALE_UP,6,32,31.45,0.23955481458839406,8,32,1.25,High complexity: WCI=0.68 >= 0.65
8,10.62,S2,SAMCS,27,1027,0.6716,0.65,WCI (0.6716) >= 0.65,0.825159256737839,10,TRIGGER_ADAPTATION,SCALE_UP,8,32,19.78,0.13224292977571264,10,32,1.25,High complexity: WCI=0.67 >= 0.65
12,15.93,S2,SAMCS,27,1027,0.6649,0.65,WCI (0.6649) >= 0.65,0.8151473053586771,12,TRIGGER_ADAPTATION,SCALE_UP,10,32,21.6,0.1322201592892575,12,32,1.25,High complexity: WCI=0.66 >= 0.65
16,21.24,S2,SAMCS,27,1027,0.6784,0.65,WCI (0.6784) >= 0.65,0.8159544027208615,14,TRIGGER_ADAPTATION,SCALE_UP,12,32,14.43,0.19716963751079833,14,32,1.25,High complexity: WCI=0.68 >= 0.65
20,26.55,S2,SAMCS,27,1027,0.6714,0.65,WCI (0.6714) >= 0.65,0.7827250254494496,16,TRIGGER_ADAPTATION,SCALE_UP,14,32,13.26,0.224628731612369,16,32,1.25,High complexity: WCI=0.67 >= 0.65
24,31.86,S2,SAMCS,27,1027,0.6822,0.7,Dw (0.7825) >= 0.7 AND batchSize (32) > 16,0.82686257625651,16,TRIGGER_ADAPTATION,ADJUST_PARAMETERS,16,32,14.83,0.18101535764488355,16,24,0.3,"Data volume intensity elevated (Dw=0.78 >= 0.7), throttling batch size (32 -> 24)"
28,36.22,S2,SAMCS,27,1027,0.6597,0.7,Dw (0.7847) >= 0.7 AND batchSize (24) > 16,0.780025690126828,16,TRIGGER_ADAPTATION,ADJUST_PARAMETERS,16,24,9.82,0.17037762536002923,16,16,0.3,"Data volume intensity elevated (Dw=0.78 >= 0.7), throttling batch size (24 -> 16)"
0,0,S2,SAMCS,28,1028,0.7073,0.65,WCI (0.7073) >= 0.65,0.7905161149332957,6,TRIGGER_ADAPTATION,SCALE_UP,4,32,39.02,0.31386308515840927,6,32,1.25,High complexity: WCI=0.71 >= 0.65
4,5.31,S2,SAMCS,28,1028,0.6858,0.65,WCI (0.6858) >= 0.65,0.7820878470599224,8,TRIGGER_ADAPTATION,SCALE_UP,6,32,30.36,0.24157974115717157,8,32,1.25,High complexity: WCI=0.69 >= 0.65
8,10.62,S2,SAMCS,28,1028,0.6816,0.65,WCI (0.6816) >= 0.65,0.8340476988761096,10,TRIGGER_ADAPTATION,SCALE_UP,8,32,19.15,0.19627432354787816,10,32,1.25,High complexity: WCI=0.68 >= 0.65
12,15.93,S2,SAMCS,28,1028,0.692,0.65,WCI (0.6920) >= 0.65,0.8121269678676092,12,TRIGGER_ADAPTATION,SCALE_UP,10,32,13.78,0.2060548886563738,12,32,1.25,High complexity: WCI=0.69 >= 0.65
16,21.24,S2,SAMCS,28,1028,0.6758,0.65,WCI (0.6758) >= 0.65,0.8052115586474539,14,TRIGGER_ADAPTATION,SCALE_UP,12,32,11.11,0.18365031850543712,14,32,1.25,High complexity: WCI=0.68 >= 0.65
20,26.55,S2,SAMCS,28,1028,0.7008,0.65,WCI (0.7008) >= 0.65,0.8354623090133918,16,TRIGGER_ADAPTATION,SCALE_UP,14,32,9.4,0.23180264725231092,16,32,1.25,High complexity: WCI=0.70 >= 0.65
24,31.86,S2,SAMCS,28,1028,0.7147,0.7,Dw (0.7985) >= 0.7 AND batchSize (32) > 16,0.8701960167385039,16,TRIGGER_ADAPTATION,ADJUST_PARAMETERS,16,32,12.02,0.21786765237172293,16,24,0.3,"Data volume intensity elevated (Dw=0.80 >= 0.7), throttling batch size (32 -> 24)"
28,36.22,S2,SAMCS,28,1028,0.6967,0.7,Dw (0.8092) >= 0.7 AND batchSize (24) > 16,0.8448636841789261,16,TRIGGER_ADAPTATION,ADJUST_PARAMETERS,16,24,10.77,0.1664128019194754,16,16,0.3,"Data volume intensity elevated (Dw=0.81 >= 0.7), throttling batch size (24 -> 16)"
0,0,S2,SAMCS,29,1029,0.7204,0.65,WCI (0.7204) >= 0.65,0.8265309559098308,6,TRIGGER_ADAPTATION,SCALE_UP,4,32,39.19,0.39024806439420645,6,32,1.25,High complexity: WCI=0.72 >= 0.65
4,5.31,S2,SAMCS,29,1029,0.6945,0.65,WCI (0.6945) >= 0.65,0.8010940429510618,8,TRIGGER_ADAPTATION,SCALE_UP,6,32,36.14,0.28599582098425147,8,32,1.25,High complexity: WCI=0.69 >= 0.65
8,10.62,S2,SAMCS,29,1029,0.6977,0.65,WCI (0.6977) >= 0.65,0.8098720751750006,10,TRIGGER_ADAPTATION,SCALE_UP,8,32,22.61,0.27813054287844474,10,32,1.25,High complexity: WCI=0.70 >= 0.65
12,15.93,S2,SAMCS,29,1029,0.7119,0.65,WCI (0.7119) >= 0.65,0.8686775318820606,12,TRIGGER_ADAPTATION,SCALE_UP,10,32,21.44,0.19276568750825945,12,32,1.25,High complexity: WCI=0.71 >= 0.65
16,21.24,S2,SAMCS,29,1029,0.675,0.65,WCI (0.6750) >= 0.65,0.8084928705745406,14,TRIGGER_ADAPTATION,SCALE_UP,12,32,16.47,0.15710508354449895,14,32,1.25,High complexity: WCI=0.68 >= 0.65
20,26.55,S2,SAMCS,29,1029,0.6927,0.65,WCI (0.6927) >= 0.65,0.8486410570969375,16,TRIGGER_ADAPTATION,SCALE_UP,14,32,16.8,0.21454883688236576,16,32,1.25,High complexity: WCI=0.69 >= 0.65
24,31.86,S2,SAMCS,29,1029,0.696,0.7,Dw (0.7887) >= 0.7 AND batchSize (32) > 16,0.8242611180602598,16,TRIGGER_ADAPTATION,ADJUST_PARAMETERS,16,32,12.51,0.24493743818106842,16,24,0.3,"Data volume intensity elevated (Dw=0.79 >= 0.7), throttling batch size (32 -> 24)"
28,36.22,S2,SAMCS,29,1029,0.6676,0.7,Dw (0.7824) >= 0.7 AND batchSize (24) > 16,0.8119763613126146,16,TRIGGER_ADAPTATION,ADJUST_PARAMETERS,16,24,6.88,0.14187828912847794,16,16,0.3,"Data volume intensity elevated (Dw=0.78 >= 0.7), throttling batch size (24 -> 16)"
0,0,S2,SAMCS,30,1030,0.7182,0.65,WCI (0.7182) >= 0.65,0.8226654171430252,6,TRIGGER_ADAPTATION,SCALE_UP,4,32,45.39,0.36402735513846135,6,32,1.25,High complexity: WCI=0.72 >= 0.65
4,5.31,S2,SAMCS,30,1030,0.6792,0.65,WCI (0.6792) >= 0.65,0.7993314985811606,8,TRIGGER_ADAPTATION,SCALE_UP,6,32,27.47,0.22834073451143255,8,32,1.25,High complexity: WCI=0.68 >= 0.65
8,10.62,S2,SAMCS,30,1030,0.6982,0.65,WCI (0.6982) >= 0.65,0.7931935300657491,10,TRIGGER_ADAPTATION,SCALE_UP,8,32,20.14,0.24786823749262618,10,32,1.25,High complexity: WCI=0.70 >= 0.65
12,15.93,S2,SAMCS,30,1030,0.7158,0.65,WCI (0.7158) >= 0.65,0.8534074767579992,12,TRIGGER_ADAPTATION,SCALE_UP,10,32,13.17,0.2483091882074936,12,32,1.25,High complexity: WCI=0.72 >= 0.65
16,21.24,S2,SAMCS,30,1030,0.6483,0.7,Dw (0.7552) >= 0.7 AND batchSize (32) > 16,0.7830416322435945,12,TRIGGER_ADAPTATION,ADJUST_PARAMETERS,12,32,11.35,0.15798431442882765,12,24,0.3,"Data volume intensity elevated (Dw=0.76 >= 0.7), throttling batch size (32 -> 24)"
20,25.6,S2,SAMCS,30,1030,0.686,0.65,WCI (0.6860) >= 0.65,0.8070596501679613,14,TRIGGER_ADAPTATION,SCALE_UP,12,24,10.47,0.2288595899633834,14,24,1.25,High complexity: WCI=0.69 >= 0.65
24,30.91,S2,SAMCS,30,1030,0.6964,0.65,WCI (0.6964) >= 0.65,0.8294500961160781,16,TRIGGER_ADAPTATION,SCALE_UP,14,24,11.49,0.1907220065163973,16,24,1.25,High complexity: WCI=0.70 >= 0.65
28,36.22,S2,SAMCS,30,1030,0.7129,0.7,Dw (0.8116) >= 0.7 AND batchSize (24) > 16,0.8458997095298865,16,TRIGGER_ADAPTATION,ADJUST_PARAMETERS,16,24,7.12,0.2411723347757938,16,16,0.3,"Data volume intensity elevated (Dw=0.81 >= 0.7), throttling batch size (24 -> 16)"
0,0,S3,SAMCS,1,1001,0.2147,0.3,WCI (0.2147) <= 0.3 AND CPU (14.1%) <= 35.0%,0.22892126183769673,2,TRIGGER_ADAPTATION,SCALE_DOWN,4,32,14.06,0.16874829782495387,2,32,0.6,Low workload pressure (WCI=0.21 <= 0.3) and CPU underutilization (14.1% <= 35.0%)
58,59.47,S3,SAMCS,1,1001,0.7714,0.65,WCI (0.7714) >= 0.65 AND CPU (83.3%) >= 82.0%,0.8314017221660984,4,TRIGGER_ADAPTATION,SCALE_UP,2,32,83.32,0.447150373389887,4,32,1.25,High complexity (WCI=0.77 >= 0.65) and CPU saturation (83.3% >= 82.0%)
62,64.78,S3,SAMCS,1,1001,0.7838,0.65,WCI (0.7838) >= 0.65,0.9475705513570023,6,TRIGGER_ADAPTATION,SCALE_UP,4,32,46.54,0.36805870843814753,6,32,1.25,High complexity: WCI=0.78 >= 0.65
66,70.09,S3,SAMCS,1,1001,0.7698,0.65,WCI (0.7698) >= 0.65,0.9591930741263028,8,TRIGGER_ADAPTATION,SCALE_UP,6,32,30.24,0.23971492898081673,8,32,1.25,High complexity: WCI=0.77 >= 0.65
70,75.4,S3,SAMCS,1,1001,0.7388,0.65,WCI (0.7388) >= 0.65,0.8678122832992542,10,TRIGGER_ADAPTATION,SCALE_UP,8,32,24.55,0.2632272896816803,10,32,1.25,High complexity: WCI=0.74 >= 0.65
74,80.71,S3,SAMCS,1,1001,0.7573,0.65,WCI (0.7573) >= 0.65,0.918367070029001,12,TRIGGER_ADAPTATION,SCALE_UP,10,32,24.24,0.22303518984299273,12,32,1.25,High complexity: WCI=0.76 >= 0.65
78,86.02,S3,SAMCS,1,1001,0.7325,0.65,WCI (0.7325) >= 0.65,0.8969711678972152,14,TRIGGER_ADAPTATION,SCALE_UP,12,32,18.14,0.17070577143292553,14,32,1.25,High complexity: WCI=0.73 >= 0.65
0,0,S3,SAMCS,2,1002,0.1792,0.3,WCI (0.1792) <= 0.3 AND CPU (6.9%) <= 35.0%,0.1752729744763398,2,TRIGGER_ADAPTATION,SCALE_DOWN,4,32,6.9,0.16740493193278685,2,32,0.6,Low workload pressure (WCI=0.18 <= 0.3) and CPU underutilization (6.9% <= 35.0%)
58,59.47,S3,SAMCS,2,1002,0.7734,0.65,WCI (0.7734) >= 0.65,0.8548426214898753,4,TRIGGER_ADAPTATION,SCALE_UP,2,32,81.81,0.4379377816668786,4,32,1.25,High complexity: WCI=0.77 >= 0.65
62,64.78,S3,SAMCS,2,1002,0.74,0.65,WCI (0.7400) >= 0.65,0.8574161910231279,6,TRIGGER_ADAPTATION,SCALE_UP,4,32,48.67,0.28919982559381263,6,32,1.25,High complexity: WCI=0.74 >= 0.65
66,70.09,S3,SAMCS,2,1002,0.7336,0.65,WCI (0.7336) >= 0.65,0.8626020353885636,8,TRIGGER_ADAPTATION,SCALE_UP,6,32,39.69,0.3098566068652079,8,32,1.25,High complexity: WCI=0.73 >= 0.65
70,75.4,S3,SAMCS,2,1002,0.7307,0.65,WCI (0.7307) >= 0.65,0.8601203332445515,10,TRIGGER_ADAPTATION,SCALE_UP,8,32,19.36,0.22383706701811312,10,32,1.25,High complexity: WCI=0.73 >= 0.65
74,80.71,S3,SAMCS,2,1002,0.7392,0.65,WCI (0.7392) >= 0.65,0.8668584644538341,12,TRIGGER_ADAPTATION,SCALE_UP,10,32,20.29,0.24054807453389837,12,32,1.25,High complexity: WCI=0.74 >= 0.65
78,86.02,S3,SAMCS,2,1002,0.7144,0.65,WCI (0.7144) >= 0.65,0.8734097043147175,14,TRIGGER_ADAPTATION,SCALE_UP,12,32,16.46,0.17827594073253844,14,32,1.25,High complexity: WCI=0.71 >= 0.65
0,0,S3,SAMCS,3,1003,0.2268,0.3,WCI (0.2268) <= 0.3 AND CPU (14.7%) <= 35.0%,0.21698637486800926,2,TRIGGER_ADAPTATION,SCALE_DOWN,4,32,14.68,0.29592916964020954,2,32,0.6,Low workload pressure (WCI=0.23 <= 0.3) and CPU underutilization (14.7% <= 35.0%)
58,59.47,S3,SAMCS,3,1003,0.7556,0.65,WCI (0.7556) >= 0.65,0.8711970590999012,4,TRIGGER_ADAPTATION,SCALE_UP,2,32,81.34,0.35954740218517145,4,32,1.25,High complexity: WCI=0.76 >= 0.65
62,64.78,S3,SAMCS,3,1003,0.8256,0.65,WCI (0.8256) >= 0.65,1,6,TRIGGER_ADAPTATION,SCALE_UP,4,32,57.67,0.35144800052271774,6,32,1.25,High complexity: WCI=0.83 >= 0.65
66,70.09,S3,SAMCS,3,1003,0.7259,0.65,WCI (0.7259) >= 0.65,0.8510614925642674,8,TRIGGER_ADAPTATION,SCALE_UP,6,32,38.49,0.24656157489674246,8,32,1.25,High complexity: WCI=0.73 >= 0.65
70,75.4,S3,SAMCS,3,1003,0.7852,0.65,WCI (0.7852) >= 0.65,1,10,TRIGGER_ADAPTATION,SCALE_UP,8,32,24.91,0.1763048769889415,10,32,1.25,High complexity: WCI=0.79 >= 0.65
74,80.71,S3,SAMCS,3,1003,0.7665,0.65,WCI (0.7665) >= 0.65,0.9131349583720603,12,TRIGGER_ADAPTATION,SCALE_UP,10,32,14.32,0.1912528494877014,12,32,1.25,High complexity: WCI=0.77 >= 0.65
78,86.02,S3,SAMCS,3,1003,0.7479,0.65,WCI (0.7479) >= 0.65,0.8835189056155603,14,TRIGGER_ADAPTATION,SCALE_UP,12,32,16.35,0.24832495425356949,14,32,1.25,High complexity: WCI=0.75 >= 0.65
0,0,S3,SAMCS,4,1004,0.1966,0.3,WCI (0.1966) <= 0.3 AND CPU (7.8%) <= 35.0%,0.22502122327644375,2,TRIGGER_ADAPTATION,SCALE_DOWN,4,32,7.77,0.1653609762550039,2,32,0.6,Low workload pressure (WCI=0.20 <= 0.3) and CPU underutilization (7.8% <= 35.0%)
58,59.47,S3,SAMCS,4,1004,0.7648,0.65,WCI (0.7648) >= 0.65,0.8578873577130562,4,TRIGGER_ADAPTATION,SCALE_UP,2,32,74.62,0.44488122611398695,4,32,1.25,High complexity: WCI=0.76 >= 0.65
62,64.78,S3,SAMCS,4,1004,0.7529,0.65,WCI (0.7529) >= 0.65,0.9019113243516859,6,TRIGGER_ADAPTATION,SCALE_UP,4,32,45.6,0.2728804427365168,6,32,1.25,High complexity: WCI=0.75 >= 0.65
66,70.09,S3,SAMCS,4,1004,0.7586,0.65,WCI (0.7586) >= 0.65,0.8893381111768571,8,TRIGGER_ADAPTATION,SCALE_UP,6,32,30.55,0.2553188129440909,8,32,1.25,High complexity: WCI=0.76 >= 0.65
70,75.4,S3,SAMCS,4,1004,0.7437,0.65,WCI (0.7437) >= 0.65,0.8952457180985607,10,TRIGGER_ADAPTATION,SCALE_UP,8,32,24.6,0.24259047748790485,10,32,1.25,High complexity: WCI=0.74 >= 0.65
74,80.71,S3,SAMCS,4,1004,0.7542,0.65,WCI (0.7542) >= 0.65,0.8867545523995432,12,TRIGGER_ADAPTATION,SCALE_UP,10,32,22.17,0.24507381204781967,12,32,1.25,High complexity: WCI=0.75 >= 0.65
78,86.02,S3,SAMCS,4,1004,0.7417,0.65,WCI (0.7417) >= 0.65,0.9102631572357841,14,TRIGGER_ADAPTATION,SCALE_UP,12,32,14.36,0.2029043427171115,14,32,1.25,High complexity: WCI=0.74 >= 0.65
0,0,S3,SAMCS,5,1005,0.222,0.3,WCI (0.2220) <= 0.3 AND CPU (15.5%) <= 35.0%,0.2386110869952968,2,TRIGGER_ADAPTATION,SCALE_DOWN,4,32,15.47,0.24927129010822646,2,32,0.6,Low workload pressure (WCI=0.22 <= 0.3) and CPU underutilization (15.5% <= 35.0%)
58,59.47,S3,SAMCS,5,1005,0.7331,0.65,WCI (0.7331) >= 0.65 AND CPU (82.1%) >= 82.0%,0.7881128146135163,4,TRIGGER_ADAPTATION,SCALE_UP,2,32,82.1,0.4118312745319783,4,32,1.25,High complexity (WCI=0.73 >= 0.65) and CPU saturation (82.1% >= 82.0%)
62,64.78,S3,SAMCS,5,1005,0.8068,0.65,WCI (0.8068) >= 0.65,1,6,TRIGGER_ADAPTATION,SCALE_UP,4,32,47.22,0.3277897179895271,6,32,1.25,High complexity: WCI=0.81 >= 0.65
66,70.09,S3,SAMCS,5,1005,0.7572,0.65,WCI (0.7572) >= 0.65,0.8797848551547889,8,TRIGGER_ADAPTATION,SCALE_UP,6,32,37.12,0.2540930487188548,8,32,1.25,High complexity: WCI=0.76 >= 0.65
70,75.4,S3,SAMCS,5,1005,0.7456,0.65,WCI (0.7456) >= 0.65,0.8925850791907529,10,TRIGGER_ADAPTATION,SCALE_UP,8,32,21.33,0.22995756175913346,10,32,1.25,High complexity: WCI=0.75 >= 0.65
74,80.71,S3,SAMCS,5,1005,0.8006,0.65,WCI (0.8006) >= 0.65,1,12,TRIGGER_ADAPTATION,SCALE_UP,10,32,18.13,0.21686269834914523,12,32,1.25,High complexity: WCI=0.80 >= 0.65
78,86.02,S3,SAMCS,5,1005,0.7549,0.65,WCI (0.7549) >= 0.65,0.9259194204551782,14,TRIGGER_ADAPTATION,SCALE_UP,12,32,18.94,0.2025549839029808,14,32,1.25,High complexity: WCI=0.75 >= 0.65
0,0,S3,SAMCS,6,1006,0.2709,0.3,WCI (0.2709) <= 0.3 AND CPU (14.2%) <= 35.0%,0.2868332153947675,2,TRIGGER_ADAPTATION,SCALE_DOWN,4,32,14.19,0.26583689834929325,2,32,0.6,Low workload pressure (WCI=0.27 <= 0.3) and CPU underutilization (14.2% <= 35.0%)
58,59.47,S3,SAMCS,6,1006,0.7925,0.65,WCI (0.7925) >= 0.65 AND CPU (85.5%) >= 82.0%,0.8962614584697386,4,TRIGGER_ADAPTATION,SCALE_UP,2,32,85.47,0.4293113562430579,4,32,1.25,High complexity (WCI=0.79 >= 0.65) and CPU saturation (85.5% >= 82.0%)
62,64.78,S3,SAMCS,6,1006,0.7748,0.65,WCI (0.7748) >= 0.65,0.8925300864392153,6,TRIGGER_ADAPTATION,SCALE_UP,4,32,55.09,0.3199028501128291,6,32,1.25,High complexity: WCI=0.77 >= 0.65
66,70.09,S3,SAMCS,6,1006,0.7676,0.65,WCI (0.7676) >= 0.65,0.8924769844425143,8,TRIGGER_ADAPTATION,SCALE_UP,6,32,34.69,0.27993002561453456,8,32,1.25,High complexity: WCI=0.77 >= 0.65
70,75.4,S3,SAMCS,6,1006,0.7398,0.65,WCI (0.7398) >= 0.65,0.9022369009517743,10,TRIGGER_ADAPTATION,SCALE_UP,8,32,23.79,0.1900881360709184,10,32,1.25,High complexity: WCI=0.74 >= 0.65
74,80.71,S3,SAMCS,6,1006,0.7413,0.65,WCI (0.7413) >= 0.65,0.9017653929063089,12,TRIGGER_ADAPTATION,SCALE_UP,10,32,19.62,0.1508931147483651,12,32,1.25,High complexity: WCI=0.74 >= 0.65
78,86.02,S3,SAMCS,6,1006,0.7533,0.65,WCI (0.7533) >= 0.65,0.893871677439518,14,TRIGGER_ADAPTATION,SCALE_UP,12,32,15.24,0.26287304661205224,14,32,1.25,High complexity: WCI=0.75 >= 0.65
0,0,S3,SAMCS,7,1007,0.1899,0.3,WCI (0.1899) <= 0.3 AND CPU (9.7%) <= 35.0%,0.20709700678918622,2,TRIGGER_ADAPTATION,SCALE_DOWN,4,32,9.74,0.11578617874970705,2,32,0.6,Low workload pressure (WCI=0.19 <= 0.3) and CPU underutilization (9.7% <= 35.0%)
58,59.47,S3,SAMCS,7,1007,0.8086,0.65,WCI (0.8086) >= 0.65 AND CPU (82.7%) >= 82.0%,0.9167492627965603,4,TRIGGER_ADAPTATION,SCALE_UP,2,32,82.68,0.42287284828888055,4,32,1.25,High complexity (WCI=0.81 >= 0.65) and CPU saturation (82.7% >= 82.0%)
62,64.78,S3,SAMCS,7,1007,0.7701,0.65,WCI (0.7701) >= 0.65,0.8729441801146014,6,TRIGGER_ADAPTATION,SCALE_UP,4,32,52.42,0.3489159950694926,6,32,1.25,High complexity: WCI=0.77 >= 0.65
66,70.09,S3,SAMCS,7,1007,0.7738,0.65,WCI (0.7738) >= 0.65,0.9130157207723143,8,TRIGGER_ADAPTATION,SCALE_UP,6,32,35.62,0.3182349408698026,8,32,1.25,High complexity: WCI=0.77 >= 0.65
70,75.4,S3,SAMCS,7,1007,0.7487,0.65,WCI (0.7487) >= 0.65,0.9105390009369375,10,TRIGGER_ADAPTATION,SCALE_UP,8,32,24.36,0.198657578933234,10,32,1.25,High complexity: WCI=0.75 >= 0.65
74,80.71,S3,SAMCS,7,1007,0.794,0.65,WCI (0.7940) >= 0.65,1,12,TRIGGER_ADAPTATION,SCALE_UP,10,32,23.85,0.2527528750551795,12,32,1.25,High complexity: WCI=0.79 >= 0.65
78,86.02,S3,SAMCS,7,1007,0.7547,0.65,WCI (0.7547) >= 0.65,0.895301082818218,14,TRIGGER_ADAPTATION,SCALE_UP,12,32,15.29,0.2929413050872258,14,32,1.25,High complexity: WCI=0.75 >= 0.65
0,0,S3,SAMCS,8,1008,0.1982,0.3,WCI (0.1982) <= 0.3 AND CPU (11.0%) <= 35.0%,0.19095899054415444,2,TRIGGER_ADAPTATION,SCALE_DOWN,4,32,11.01,0.2143434849020748,2,32,0.6,Low workload pressure (WCI=0.20 <= 0.3) and CPU underutilization (11.0% <= 35.0%)
58,59.47,S3,SAMCS,8,1008,0.7806,0.65,WCI (0.7806) >= 0.65 AND CPU (84.0%) >= 82.0%,0.8740445210133048,4,TRIGGER_ADAPTATION,SCALE_UP,2,32,84.02,0.42599906201586357,4,32,1.25,High complexity (WCI=0.78 >= 0.65) and CPU saturation (84.0% >= 82.0%)
62,64.78,S3,SAMCS,8,1008,0.745,0.65,WCI (0.7450) >= 0.65,0.8677912054242914,6,TRIGGER_ADAPTATION,SCALE_UP,4,32,51.53,0.3111578014365062,6,32,1.25,High complexity: WCI=0.74 >= 0.65
66,70.09,S3,SAMCS,8,1008,0.7807,0.65,WCI (0.7807) >= 0.65,1,8,TRIGGER_ADAPTATION,SCALE_UP,6,32,32.19,0.19845216254501274,8,32,1.25,High complexity: WCI=0.78 >= 0.65
70,75.4,S3,SAMCS,8,1008,0.7304,0.65,WCI (0.7304) >= 0.65,0.861508176485642,10,TRIGGER_ADAPTATION,SCALE_UP,8,32,23.3,0.22311157079044602,10,32,1.25,High complexity: WCI=0.73 >= 0.65
74,80.71,S3,SAMCS,8,1008,0.744,0.65,WCI (0.7440) >= 0.65,0.8883333547376471,12,TRIGGER_ADAPTATION,SCALE_UP,10,32,16.84,0.1866487628291384,12,32,1.25,High complexity: WCI=0.74 >= 0.65
78,86.02,S3,SAMCS,8,1008,0.7404,0.65,WCI (0.7404) >= 0.65,0.9145894373294576,14,TRIGGER_ADAPTATION,SCALE_UP,12,32,15.03,0.1743884364976927,14,32,1.25,High complexity: WCI=0.74 >= 0.65
0,0,S3,SAMCS,9,1009,0.2003,0.3,WCI (0.2003) <= 0.3 AND CPU (15.6%) <= 35.0%,0.20560312431884248,2,TRIGGER_ADAPTATION,SCALE_DOWN,4,32,15.64,0.18646279264491417,2,32,0.6,Low workload pressure (WCI=0.20 <= 0.3) and CPU underutilization (15.6% <= 35.0%)
58,59.47,S3,SAMCS,9,1009,0.7603,0.65,WCI (0.7603) >= 0.65 AND CPU (83.0%) >= 82.0%,0.8252584965468005,4,TRIGGER_ADAPTATION,SCALE_UP,2,32,82.95,0.3838588623529156,4,32,1.25,High complexity (WCI=0.76 >= 0.65) and CPU saturation (83.0% >= 82.0%)
62,64.78,S3,SAMCS,9,1009,0.7726,0.65,WCI (0.7726) >= 0.65,0.9100109232082352,6,TRIGGER_ADAPTATION,SCALE_UP,4,32,52.4,0.28493418777485413,6,32,1.25,High complexity: WCI=0.77 >= 0.65
66,70.09,S3,SAMCS,9,1009,0.7625,0.65,WCI (0.7625) >= 0.65,0.8985766667842031,8,TRIGGER_ADAPTATION,SCALE_UP,6,32,33.02,0.2934613373224938,8,32,1.25,High complexity: WCI=0.76 >= 0.65
70,75.4,S3,SAMCS,9,1009,0.7098,0.65,WCI (0.7098) >= 0.65,0.8518266205363227,10,TRIGGER_ADAPTATION,SCALE_UP,8,32,24.01,0.17615565786825035,10,32,1.25,High complexity: WCI=0.71 >= 0.65
74,80.71,S3,SAMCS,9,1009,0.7409,0.65,WCI (0.7409) >= 0.65,0.8792859841747359,12,TRIGGER_ADAPTATION,SCALE_UP,10,32,20.78,0.2452521639443712,12,32,1.25,High complexity: WCI=0.74 >= 0.65
78,86.02,S3,SAMCS,9,1009,0.7552,0.65,WCI (0.7552) >= 0.65,0.8956408760237338,14,TRIGGER_ADAPTATION,SCALE_UP,12,32,13.78,0.2322184989817918,14,32,1.25,High complexity: WCI=0.76 >= 0.65
0,0,S3,SAMCS,10,1010,0.2049,0.3,WCI (0.2049) <= 0.3 AND CPU (13.7%) <= 35.0%,0.20961072846844425,2,TRIGGER_ADAPTATION,SCALE_DOWN,4,32,13.69,0.2191509537250339,2,32,0.6,Low workload pressure (WCI=0.20 <= 0.3) and CPU underutilization (13.7% <= 35.0%)
58,59.47,S3,SAMCS,10,1010,0.7579,0.65,WCI (0.7579) >= 0.65 AND CPU (86.5%) >= 82.0%,0.8385634568886953,4,TRIGGER_ADAPTATION,SCALE_UP,2,32,86.53,0.3927925498746091,4,32,1.25,High complexity (WCI=0.76 >= 0.65) and CPU saturation (86.5% >= 82.0%)
62,64.78,S3,SAMCS,10,1010,0.8033,0.65,WCI (0.8033) >= 0.65,1,6,TRIGGER_ADAPTATION,SCALE_UP,4,32,49.16,0.3203062247121679,6,32,1.25,High complexity: WCI=0.80 >= 0.65
66,70.09,S3,SAMCS,10,1010,0.7772,0.65,WCI (0.7772) >= 0.65,0.9235453889014115,8,TRIGGER_ADAPTATION,SCALE_UP,6,32,38.96,0.2939032907009109,8,32,1.25,High complexity: WCI=0.78 >= 0.65
70,75.4,S3,SAMCS,10,1010,0.7386,0.65,WCI (0.7386) >= 0.65,0.8817551309425521,10,TRIGGER_ADAPTATION,SCALE_UP,8,32,20.37,0.23882707401243045,10,32,1.25,High complexity: WCI=0.74 >= 0.65
74,80.71,S3,SAMCS,10,1010,0.7954,0.65,WCI (0.7954) >= 0.65,1,12,TRIGGER_ADAPTATION,SCALE_UP,10,32,15.5,0.2152762792796324,12,32,1.25,High complexity: WCI=0.80 >= 0.65
78,86.02,S3,SAMCS,10,1010,0.7538,0.65,WCI (0.7538) >= 0.65,0.9319357228462614,14,TRIGGER_ADAPTATION,SCALE_UP,12,32,17.31,0.17347745140276843,14,32,1.25,High complexity: WCI=0.75 >= 0.65
1,1.01,S3,SAMCS,11,1011,0.2092,0.3,WCI (0.2092) <= 0.3 AND CPU (18.5%) <= 35.0%,0.21254541126608567,2,TRIGGER_ADAPTATION,SCALE_DOWN,4,32,18.47,0.20423909188603168,2,32,0.6,Low workload pressure (WCI=0.21 <= 0.3) and CPU underutilization (18.5% <= 35.0%)
58,59.47,S3,SAMCS,11,1011,0.7928,0.65,WCI (0.7928) >= 0.65,0.8878800813995865,4,TRIGGER_ADAPTATION,SCALE_UP,2,32,76.89,0.5020813376753711,4,32,1.25,High complexity: WCI=0.79 >= 0.65
62,64.78,S3,SAMCS,11,1011,0.7297,0.65,WCI (0.7297) >= 0.65,0.8540239644989249,6,TRIGGER_ADAPTATION,SCALE_UP,4,32,50.39,0.21203683326310963,6,32,1.25,High complexity: WCI=0.73 >= 0.65
66,70.09,S3,SAMCS,11,1011,0.7442,0.65,WCI (0.7442) >= 0.65,0.8997354379055135,8,TRIGGER_ADAPTATION,SCALE_UP,6,32,22.42,0.24301549039585468,8,32,1.25,High complexity: WCI=0.74 >= 0.65
70,75.4,S3,SAMCS,11,1011,0.7834,0.65,WCI (0.7834) >= 0.65,1,10,TRIGGER_ADAPTATION,SCALE_UP,8,32,22.83,0.16637083865568236,10,32,1.25,High complexity: WCI=0.78 >= 0.65
74,80.71,S3,SAMCS,11,1011,0.7549,0.65,WCI (0.7549) >= 0.65,0.9121227680058416,12,TRIGGER_ADAPTATION,SCALE_UP,10,32,23.98,0.23728144263598275,12,32,1.25,High complexity: WCI=0.75 >= 0.65
78,86.02,S3,SAMCS,11,1011,0.7269,0.65,WCI (0.7269) >= 0.65,0.8660663077471578,14,TRIGGER_ADAPTATION,SCALE_UP,12,32,15.67,0.22590649998628282,14,32,1.25,High complexity: WCI=0.73 >= 0.65
0,0,S3,SAMCS,12,1012,0.2248,0.3,WCI (0.2248) <= 0.3 AND CPU (12.7%) <= 35.0%,0.2239100501046512,2,TRIGGER_ADAPTATION,SCALE_DOWN,4,32,12.66,0.22601207190858943,2,32,0.6,Low workload pressure (WCI=0.22 <= 0.3) and CPU underutilization (12.7% <= 35.0%)
58,59.47,S3,SAMCS,12,1012,0.7989,0.65,WCI (0.7989) >= 0.65,0.8893653200180822,4,TRIGGER_ADAPTATION,SCALE_UP,2,32,79.35,0.44446365611782657,4,32,1.25,High complexity: WCI=0.80 >= 0.65
62,64.78,S3,SAMCS,12,1012,0.7321,0.65,WCI (0.7321) >= 0.65,0.8526043106606869,6,TRIGGER_ADAPTATION,SCALE_UP,4,32,50.4,0.30907263237314164,6,32,1.25,High complexity: WCI=0.73 >= 0.65
66,70.09,S3,SAMCS,12,1012,0.7798,0.65,WCI (0.7798) >= 0.65,0.904660273739972,8,TRIGGER_ADAPTATION,SCALE_UP,6,32,29.74,0.3293839830826603,8,32,1.25,High complexity: WCI=0.78 >= 0.65
70,75.4,S3,SAMCS,12,1012,0.7324,0.65,WCI (0.7324) >= 0.65,0.8638715003587805,10,TRIGGER_ADAPTATION,SCALE_UP,8,32,25.49,0.2531626912485871,10,32,1.25,High complexity: WCI=0.73 >= 0.65
74,80.71,S3,SAMCS,12,1012,0.7541,0.65,WCI (0.7541) >= 0.65,0.9096211817439678,12,TRIGGER_ADAPTATION,SCALE_UP,10,32,20.99,0.2139206626198587,12,32,1.25,High complexity: WCI=0.75 >= 0.65
78,86.02,S3,SAMCS,12,1012,0.7178,0.65,WCI (0.7178) >= 0.65,0.8756694114002151,14,TRIGGER_ADAPTATION,SCALE_UP,12,32,13.14,0.14466320178321626,14,32,1.25,High complexity: WCI=0.72 >= 0.65
0,0,S3,SAMCS,13,1013,0.2056,0.3,WCI (0.2056) <= 0.3 AND CPU (13.5%) <= 35.0%,0.2022701985824188,2,TRIGGER_ADAPTATION,SCALE_DOWN,4,32,13.49,0.16696891617598356,2,32,0.6,Low workload pressure (WCI=0.21 <= 0.3) and CPU underutilization (13.5% <= 35.0%)
58,59.47,S3,SAMCS,13,1013,0.8055,0.65,WCI (0.8055) >= 0.65 AND CPU (82.4%) >= 82.0%,0.9217173014731582,4,TRIGGER_ADAPTATION,SCALE_UP,2,32,82.37,0.460690511413856,4,32,1.25,High complexity (WCI=0.81 >= 0.65) and CPU saturation (82.4% >= 82.0%)
62,64.78,S3,SAMCS,13,1013,0.748,0.65,WCI (0.7480) >= 0.65,0.8808942681647659,6,TRIGGER_ADAPTATION,SCALE_UP,4,32,50.75,0.2930194062566178,6,32,1.25,High complexity: WCI=0.75 >= 0.65
66,70.09,S3,SAMCS,13,1013,0.7468,0.65,WCI (0.7468) >= 0.65,0.8669977622467836,8,TRIGGER_ADAPTATION,SCALE_UP,6,32,32.31,0.24152059209311613,8,32,1.25,High complexity: WCI=0.75 >= 0.65
70,75.4,S3,SAMCS,13,1013,0.7754,0.65,WCI (0.7754) >= 0.65,1,10,TRIGGER_ADAPTATION,SCALE_UP,8,32,22.49,0.20307592599900554,10,32,1.25,High complexity: WCI=0.78 >= 0.65
74,80.71,S3,SAMCS,13,1013,0.7518,0.65,WCI (0.7518) >= 0.65,0.9055726285522625,12,TRIGGER_ADAPTATION,SCALE_UP,10,32,16.63,0.1950601549867684,12,32,1.25,High complexity: WCI=0.75 >= 0.65
78,86.02,S3,SAMCS,13,1013,0.727,0.65,WCI (0.7270) >= 0.65,0.8696390259535963,14,TRIGGER_ADAPTATION,SCALE_UP,12,32,11.84,0.22385843045258547,14,32,1.25,High complexity: WCI=0.73 >= 0.65
0,0,S3,SAMCS,14,1014,0.2136,0.3,WCI (0.2136) <= 0.3 AND CPU (12.0%) <= 35.0%,0.2385675048224007,2,TRIGGER_ADAPTATION,SCALE_DOWN,4,32,12.01,0.17524405262376544,2,32,0.6,Low workload pressure (WCI=0.21 <= 0.3) and CPU underutilization (12.0% <= 35.0%)
58,59.47,S3,SAMCS,14,1014,0.7932,0.65,WCI (0.7932) >= 0.65 AND CPU (82.8%) >= 82.0%,0.8884865852865136,4,TRIGGER_ADAPTATION,SCALE_UP,2,32,82.79,0.4574703238970634,4,32,1.25,High complexity (WCI=0.79 >= 0.65) and CPU saturation (82.8% >= 82.0%)
62,64.78,S3,SAMCS,14,1014,0.7622,0.65,WCI (0.7622) >= 0.65,0.8731576753872015,6,TRIGGER_ADAPTATION,SCALE_UP,4,32,48.84,0.2947936054089391,6,32,1.25,High complexity: WCI=0.76 >= 0.65
66,70.09,S3,SAMCS,14,1014,0.7135,0.65,WCI (0.7135) >= 0.65,0.8395198367467273,8,TRIGGER_ADAPTATION,SCALE_UP,6,32,30.48,0.2634618081335328,8,32,1.25,High complexity: WCI=0.71 >= 0.65
70,75.4,S3,SAMCS,14,1014,0.7318,0.65,WCI (0.7318) >= 0.65,0.8457188083305082,10,TRIGGER_ADAPTATION,SCALE_UP,8,32,24.7,0.26049776037746575,10,32,1.25,High complexity: WCI=0.73 >= 0.65
74,80.71,S3,SAMCS,14,1014,0.7482,0.65,WCI (0.7482) >= 0.65,0.8982660741284783,12,TRIGGER_ADAPTATION,SCALE_UP,10,32,24.49,0.23357767712595617,12,32,1.25,High complexity: WCI=0.75 >= 0.65
78,86.02,S3,SAMCS,14,1014,0.743,0.65,WCI (0.7430) >= 0.65,0.9271293666590437,14,TRIGGER_ADAPTATION,SCALE_UP,12,32,17.1,0.13155570168499417,14,32,1.25,High complexity: WCI=0.74 >= 0.65
0,0,S3,SAMCS,15,1015,0.1991,0.3,WCI (0.1991) <= 0.3 AND CPU (17.0%) <= 35.0%,0.19419095726521013,2,TRIGGER_ADAPTATION,SCALE_DOWN,4,32,17.02,0.18537188264085774,2,32,0.6,Low workload pressure (WCI=0.20 <= 0.3) and CPU underutilization (17.0% <= 35.0%)
58,59.47,S3,SAMCS,15,1015,0.7974,0.65,WCI (0.7974) >= 0.65 AND CPU (83.4%) >= 82.0%,0.9177671214077006,4,TRIGGER_ADAPTATION,SCALE_UP,2,32,83.41,0.43150925763261067,4,32,1.25,High complexity (WCI=0.80 >= 0.65) and CPU saturation (83.4% >= 82.0%)
62,64.78,S3,SAMCS,15,1015,0.7728,0.65,WCI (0.7728) >= 0.65,0.9196135808838846,6,TRIGGER_ADAPTATION,SCALE_UP,4,32,58.67,0.32175981957279365,6,32,1.25,High complexity: WCI=0.77 >= 0.65
66,70.09,S3,SAMCS,15,1015,0.7321,0.65,WCI (0.7321) >= 0.65,0.8922687579831527,8,TRIGGER_ADAPTATION,SCALE_UP,6,32,31.39,0.2430191557730432,8,32,1.25,High complexity: WCI=0.73 >= 0.65
70,75.4,S3,SAMCS,15,1015,0.7379,0.65,WCI (0.7379) >= 0.65,0.8544637100509079,10,TRIGGER_ADAPTATION,SCALE_UP,8,32,32.24,0.24210768398560575,10,32,1.25,High complexity: WCI=0.74 >= 0.65
74,80.71,S3,SAMCS,15,1015,0.7935,0.65,WCI (0.7935) >= 0.65,1,12,TRIGGER_ADAPTATION,SCALE_UP,10,32,19.04,0.1880520696829869,12,32,1.25,High complexity: WCI=0.79 >= 0.65
78,86.02,S3,SAMCS,15,1015,0.7453,0.65,WCI (0.7453) >= 0.65,0.8407301118784997,14,TRIGGER_ADAPTATION,SCALE_UP,12,32,17.74,0.3023603521561462,14,32,1.25,High complexity: WCI=0.75 >= 0.65
0,0,S3,SAMCS,16,1016,0.2281,0.3,WCI (0.2281) <= 0.3 AND CPU (14.2%) <= 35.0%,0.252407573582346,2,TRIGGER_ADAPTATION,SCALE_DOWN,4,32,14.21,0.18925682250362139,2,32,0.6,Low workload pressure (WCI=0.23 <= 0.3) and CPU underutilization (14.2% <= 35.0%)
58,59.47,S3,SAMCS,16,1016,0.7767,0.65,WCI (0.7767) >= 0.65 AND CPU (82.7%) >= 82.0%,0.8542808498259941,4,TRIGGER_ADAPTATION,SCALE_UP,2,32,82.72,0.4503729499498171,4,32,1.25,High complexity (WCI=0.78 >= 0.65) and CPU saturation (82.7% >= 82.0%)
62,64.78,S3,SAMCS,16,1016,0.811,0.65,WCI (0.8110) >= 0.65,1,6,TRIGGER_ADAPTATION,SCALE_UP,4,32,41.67,0.32339713346477145,6,32,1.25,High complexity: WCI=0.81 >= 0.65
66,70.09,S3,SAMCS,16,1016,0.7339,0.65,WCI (0.7339) >= 0.65,0.8471870621031448,8,TRIGGER_ADAPTATION,SCALE_UP,6,32,31.35,0.2719458392090593,8,32,1.25,High complexity: WCI=0.73 >= 0.65
70,75.4,S3,SAMCS,16,1016,0.7336,0.65,WCI (0.7336) >= 0.65,0.8798588245247594,10,TRIGGER_ADAPTATION,SCALE_UP,8,32,24.92,0.26554644630835195,10,32,1.25,High complexity: WCI=0.73 >= 0.65
74,80.71,S3,SAMCS,16,1016,0.7133,0.65,WCI (0.7133) >= 0.65,0.8476777035332466,12,TRIGGER_ADAPTATION,SCALE_UP,10,32,17.52,0.19273814788067858,12,32,1.25,High complexity: WCI=0.71 >= 0.65
78,86.02,S3,SAMCS,16,1016,0.7185,0.65,WCI (0.7185) >= 0.65,0.8417340944815976,14,TRIGGER_ADAPTATION,SCALE_UP,12,32,17,0.17381872081586147,14,32,1.25,High complexity: WCI=0.72 >= 0.65
82,91.33,S3,SAMCS,16,1016,0.7978,0.65,WCI (0.7978) >= 0.65,1,16,TRIGGER_ADAPTATION,SCALE_UP,14,32,14.61,0.20598364726936064,16,32,1.25,High complexity: WCI=0.80 >= 0.65
0,0,S3,SAMCS,17,1017,0.1939,0.3,WCI (0.1939) <= 0.3 AND CPU (12.5%) <= 35.0%,0.19796453491746735,2,TRIGGER_ADAPTATION,SCALE_DOWN,4,32,12.47,0.15436762706802218,2,32,0.6,Low workload pressure (WCI=0.19 <= 0.3) and CPU underutilization (12.5% <= 35.0%)
58,59.47,S3,SAMCS,17,1017,0.7897,0.65,WCI (0.7897) >= 0.65 AND CPU (84.5%) >= 82.0%,0.8857838711413544,4,TRIGGER_ADAPTATION,SCALE_UP,2,32,84.48,0.4524472759462841,4,32,1.25,High complexity (WCI=0.79 >= 0.65) and CPU saturation (84.5% >= 82.0%)
62,64.78,S3,SAMCS,17,1017,0.732,0.65,WCI (0.7320) >= 0.65,0.8386709637320152,6,TRIGGER_ADAPTATION,SCALE_UP,4,32,46.23,0.28369417179627276,6,32,1.25,High complexity: WCI=0.73 >= 0.65
66,70.09,S3,SAMCS,17,1017,0.7329,0.65,WCI (0.7329) >= 0.65,0.892561205561152,8,TRIGGER_ADAPTATION,SCALE_UP,6,32,28.39,0.2012503086981829,8,32,1.25,High complexity: WCI=0.73 >= 0.65
70,75.4,S3,SAMCS,17,1017,0.7322,0.65,WCI (0.7322) >= 0.65,0.8983847758117651,10,TRIGGER_ADAPTATION,SCALE_UP,8,32,22.81,0.1982819137957757,10,32,1.25,High complexity: WCI=0.73 >= 0.65
74,80.71,S3,SAMCS,17,1017,0.7301,0.65,WCI (0.7301) >= 0.65,0.8658024533946964,12,TRIGGER_ADAPTATION,SCALE_UP,10,32,17.43,0.22429884812060055,12,32,1.25,High complexity: WCI=0.73 >= 0.65
78,86.02,S3,SAMCS,17,1017,0.7635,0.65,WCI (0.7635) >= 0.65,0.9031529452019761,14,TRIGGER_ADAPTATION,SCALE_UP,12,32,17.42,0.29417831775100545,14,32,1.25,High complexity: WCI=0.76 >= 0.65
0,0,S3,SAMCS,18,1018,0.2276,0.3,WCI (0.2276) <= 0.3 AND CPU (19.9%) <= 35.0%,0.22757478570546355,2,TRIGGER_ADAPTATION,SCALE_DOWN,4,32,19.91,0.21810958339207023,2,32,0.6,Low workload pressure (WCI=0.23 <= 0.3) and CPU underutilization (19.9% <= 35.0%)
58,59.47,S3,SAMCS,18,1018,0.7884,0.65,WCI (0.7884) >= 0.65 AND CPU (84.0%) >= 82.0%,0.8979464114551741,4,TRIGGER_ADAPTATION,SCALE_UP,2,32,83.99,0.41970369015480713,4,32,1.25,High complexity (WCI=0.79 >= 0.65) and CPU saturation (84.0% >= 82.0%)
62,64.78,S3,SAMCS,18,1018,0.7631,0.65,WCI (0.7631) >= 0.65,0.8845566502546838,6,TRIGGER_ADAPTATION,SCALE_UP,4,32,60.45,0.3801908406719628,6,32,1.25,High complexity: WCI=0.76 >= 0.65
66,70.09,S3,SAMCS,18,1018,0.8018,0.65,WCI (0.8018) >= 0.65,1,8,TRIGGER_ADAPTATION,SCALE_UP,6,32,26.16,0.2792808037299932,8,32,1.25,High complexity: WCI=0.80 >= 0.65
70,75.4,S3,SAMCS,18,1018,0.7421,0.65,WCI (0.7421) >= 0.65,0.8723697148256296,10,TRIGGER_ADAPTATION,SCALE_UP,8,32,25.82,0.18661405257140073,10,32,1.25,High complexity: WCI=0.74 >= 0.65
74,80.71,S3,SAMCS,18,1018,0.7325,0.65,WCI (0.7325) >= 0.65,0.8795733668422883,12,TRIGGER_ADAPTATION,SCALE_UP,10,32,19.8,0.20441705990911277,12,32,1.25,High complexity: WCI=0.73 >= 0.65
78,86.02,S3,SAMCS,18,1018,0.7163,0.65,WCI (0.7163) >= 0.65,0.8775373277467856,14,TRIGGER_ADAPTATION,SCALE_UP,12,32,15.05,0.15921066587830052,14,32,1.25,High complexity: WCI=0.72 >= 0.65
0,0,S3,SAMCS,19,1019,0.211,0.3,WCI (0.2110) <= 0.3 AND CPU (7.8%) <= 35.0%,0.22672770361771255,2,TRIGGER_ADAPTATION,SCALE_DOWN,4,32,7.83,0.1564869175368275,2,32,0.6,Low workload pressure (WCI=0.21 <= 0.3) and CPU underutilization (7.8% <= 35.0%)
58,59.47,S3,SAMCS,19,1019,0.782,0.65,WCI (0.7820) >= 0.65 AND CPU (87.9%) >= 82.0%,0.8681168317052272,4,TRIGGER_ADAPTATION,SCALE_UP,2,32,87.9,0.502643770587422,4,32,1.25,High complexity (WCI=0.78 >= 0.65) and CPU saturation (87.9% >= 82.0%)
62,64.78,S3,SAMCS,19,1019,0.7488,0.65,WCI (0.7488) >= 0.65,0.8610575649712275,6,TRIGGER_ADAPTATION,SCALE_UP,4,32,45.88,0.34107296592181047,6,32,1.25,High complexity: WCI=0.75 >= 0.65
66,70.09,S3,SAMCS,19,1019,0.7358,0.65,WCI (0.7358) >= 0.65,0.8546585965760733,8,TRIGGER_ADAPTATION,SCALE_UP,6,32,32.92,0.2554376509956271,8,32,1.25,High complexity: WCI=0.74 >= 0.65
70,75.4,S3,SAMCS,19,1019,0.7637,0.65,WCI (0.7637) >= 0.65,0.8781844901382722,10,TRIGGER_ADAPTATION,SCALE_UP,8,32,25.72,0.3180421621356967,10,32,1.25,High complexity: WCI=0.76 >= 0.65
74,80.71,S3,SAMCS,19,1019,0.7594,0.65,WCI (0.7594) >= 0.65,0.9213141658828689,12,TRIGGER_ADAPTATION,SCALE_UP,10,32,17.41,0.20395252040954415,12,32,1.25,High complexity: WCI=0.76 >= 0.65
78,86.02,S3,SAMCS,19,1019,0.723,0.65,WCI (0.7230) >= 0.65,0.8740403601586862,14,TRIGGER_ADAPTATION,SCALE_UP,12,32,15.91,0.20964810756840335,14,32,1.25,High complexity: WCI=0.72 >= 0.65
0,0,S3,SAMCS,20,1020,0.2027,0.3,WCI (0.2027) <= 0.3 AND CPU (11.6%) <= 35.0%,0.22310605004436265,2,TRIGGER_ADAPTATION,SCALE_DOWN,4,32,11.59,0.1575661408406624,2,32,0.6,Low workload pressure (WCI=0.20 <= 0.3) and CPU underutilization (11.6% <= 35.0%)
58,59.47,S3,SAMCS,20,1020,0.7748,0.65,WCI (0.7748) >= 0.65 AND CPU (85.0%) >= 82.0%,0.870923384456306,4,TRIGGER_ADAPTATION,SCALE_UP,2,32,85.02,0.405632640263324,4,32,1.25,High complexity (WCI=0.77 >= 0.65) and CPU saturation (85.0% >= 82.0%)
62,64.78,S3,SAMCS,20,1020,0.7955,0.65,WCI (0.7955) >= 0.65,1,6,TRIGGER_ADAPTATION,SCALE_UP,4,32,53.79,0.29988671617180607,6,32,1.25,High complexity: WCI=0.80 >= 0.65
66,70.09,S3,SAMCS,20,1020,0.7498,0.65,WCI (0.7498) >= 0.65,0.8787149908547143,8,TRIGGER_ADAPTATION,SCALE_UP,6,32,28.69,0.2656011937023168,8,32,1.25,High complexity: WCI=0.75 >= 0.65
70,75.4,S3,SAMCS,20,1020,0.7661,0.65,WCI (0.7661) >= 0.65,0.9102096841923578,10,TRIGGER_ADAPTATION,SCALE_UP,8,32,20.68,0.24726698323850654,10,32,1.25,High complexity: WCI=0.77 >= 0.65
74,80.71,S3,SAMCS,20,1020,0.7306,0.65,WCI (0.7306) >= 0.65,0.8831314988961305,12,TRIGGER_ADAPTATION,SCALE_UP,10,32,13.56,0.20942506026450103,12,32,1.25,High complexity: WCI=0.73 >= 0.65
78,86.02,S3,SAMCS,20,1020,0.7316,0.65,WCI (0.7316) >= 0.65,0.8494162522585746,14,TRIGGER_ADAPTATION,SCALE_UP,12,32,18.85,0.18387201736220918,14,32,1.25,High complexity: WCI=0.73 >= 0.65
0,0,S3,SAMCS,21,1021,0.1842,0.3,WCI (0.1842) <= 0.3 AND CPU (16.0%) <= 35.0%,0.20701053720610463,2,TRIGGER_ADAPTATION,SCALE_DOWN,4,32,16,0.1487715061782059,2,32,0.6,Low workload pressure (WCI=0.18 <= 0.3) and CPU underutilization (16.0% <= 35.0%)
58,59.47,S3,SAMCS,21,1021,0.7695,0.65,WCI (0.7695) >= 0.65 AND CPU (83.0%) >= 82.0%,0.8811544572973445,4,TRIGGER_ADAPTATION,SCALE_UP,2,32,83.05,0.4154293133282614,4,32,1.25,High complexity (WCI=0.77 >= 0.65) and CPU saturation (83.0% >= 82.0%)
62,64.78,S3,SAMCS,21,1021,0.7216,0.65,WCI (0.7216) >= 0.65,0.8075997740676794,6,TRIGGER_ADAPTATION,SCALE_UP,4,32,51.4,0.31040135041138495,6,32,1.25,High complexity: WCI=0.72 >= 0.65
66,70.09,S3,SAMCS,21,1021,0.7818,0.65,WCI (0.7818) >= 0.65,0.899009646315305,8,TRIGGER_ADAPTATION,SCALE_UP,6,32,43.37,0.34205470779843794,8,32,1.25,High complexity: WCI=0.78 >= 0.65
70,75.4,S3,SAMCS,21,1021,0.7129,0.65,WCI (0.7129) >= 0.65,0.8415201471205818,10,TRIGGER_ADAPTATION,SCALE_UP,8,32,23.74,0.19825688526070404,10,32,1.25,High complexity: WCI=0.71 >= 0.65
74,80.71,S3,SAMCS,21,1021,0.7388,0.65,WCI (0.7388) >= 0.65,0.8831927051886558,12,TRIGGER_ADAPTATION,SCALE_UP,10,32,17.68,0.25267448304653795,12,32,1.25,High complexity: WCI=0.74 >= 0.65
78,86.02,S3,SAMCS,21,1021,0.7533,0.65,WCI (0.7533) >= 0.65,0.9216266793831471,14,TRIGGER_ADAPTATION,SCALE_UP,12,32,20.5,0.2301552051253086,14,32,1.25,High complexity: WCI=0.75 >= 0.65
0,0,S3,SAMCS,22,1022,0.2137,0.3,WCI (0.2137) <= 0.3 AND CPU (14.5%) <= 35.0%,0.2027446221792047,2,TRIGGER_ADAPTATION,SCALE_DOWN,4,32,14.48,0.24703623460770463,2,32,0.6,Low workload pressure (WCI=0.21 <= 0.3) and CPU underutilization (14.5% <= 35.0%)
58,59.47,S3,SAMCS,22,1022,0.7439,0.65,WCI (0.7439) >= 0.65,0.8465783399068357,4,TRIGGER_ADAPTATION,SCALE_UP,2,32,71.15,0.37246055493854446,4,32,1.25,High complexity: WCI=0.74 >= 0.65
62,64.78,S3,SAMCS,22,1022,0.7622,0.65,WCI (0.7622) >= 0.65,0.878420800764973,6,TRIGGER_ADAPTATION,SCALE_UP,4,32,58.27,0.3209450815359947,6,32,1.25,High complexity: WCI=0.76 >= 0.65
66,70.09,S3,SAMCS,22,1022,0.8054,0.65,WCI (0.8054) >= 0.65,1,8,TRIGGER_ADAPTATION,SCALE_UP,6,32,34.2,0.2821967098964695,8,32,1.25,High complexity: WCI=0.81 >= 0.65
70,75.4,S3,SAMCS,22,1022,0.7401,0.65,WCI (0.7401) >= 0.65,0.891387535406542,10,TRIGGER_ADAPTATION,SCALE_UP,8,32,20.46,0.22674831348866387,10,32,1.25,High complexity: WCI=0.74 >= 0.65
74,80.71,S3,SAMCS,22,1022,0.745,0.65,WCI (0.7450) >= 0.65,0.9110273781156966,12,TRIGGER_ADAPTATION,SCALE_UP,10,32,13.97,0.25636871198673633,12,32,1.25,High complexity: WCI=0.74 >= 0.65
78,86.02,S3,SAMCS,22,1022,0.7325,0.65,WCI (0.7325) >= 0.65,0.8769197814192625,14,TRIGGER_ADAPTATION,SCALE_UP,12,32,18.63,0.18817598001121374,14,32,1.25,High complexity: WCI=0.73 >= 0.65
0,0,S3,SAMCS,23,1023,0.2412,0.3,WCI (0.2412) <= 0.3 AND CPU (13.3%) <= 35.0%,0.2632102257625201,2,TRIGGER_ADAPTATION,SCALE_DOWN,4,32,13.27,0.21982042075179,2,32,0.6,Low workload pressure (WCI=0.24 <= 0.3) and CPU underutilization (13.3% <= 35.0%)
58,59.47,S3,SAMCS,23,1023,0.7768,0.65,WCI (0.7768) >= 0.65 AND CPU (87.5%) >= 82.0%,0.8286443793158044,4,TRIGGER_ADAPTATION,SCALE_UP,2,32,87.47,0.4865052542424055,4,32,1.25,High complexity (WCI=0.78 >= 0.65) and CPU saturation (87.5% >= 82.0%)
62,64.78,S3,SAMCS,23,1023,0.7648,0.65,WCI (0.7648) >= 0.65,0.8828480400299918,6,TRIGGER_ADAPTATION,SCALE_UP,4,32,63.68,0.39390463770699485,6,32,1.25,High complexity: WCI=0.76 >= 0.65
66,70.09,S3,SAMCS,23,1023,0.7258,0.65,WCI (0.7258) >= 0.65,0.8591511300613595,8,TRIGGER_ADAPTATION,SCALE_UP,6,32,29.02,0.21306841427814815,8,32,1.25,High complexity: WCI=0.73 >= 0.65
70,75.4,S3,SAMCS,23,1023,0.7228,0.65,WCI (0.7228) >= 0.65,0.8761491002475328,10,TRIGGER_ADAPTATION,SCALE_UP,8,32,27,0.19180387855439174,10,32,1.25,High complexity: WCI=0.72 >= 0.65
74,80.71,S3,SAMCS,23,1023,0.699,0.65,WCI (0.6990) >= 0.65,0.8107378212216151,12,TRIGGER_ADAPTATION,SCALE_UP,10,32,17.05,0.16306216082910852,12,32,1.25,High complexity: WCI=0.70 >= 0.65
78,86.02,S3,SAMCS,23,1023,0.7929,0.65,WCI (0.7929) >= 0.65,1,14,TRIGGER_ADAPTATION,SCALE_UP,12,32,19.27,0.2798192155440283,14,32,1.25,High complexity: WCI=0.79 >= 0.65
0,0,S3,SAMCS,24,1024,0.224,0.3,WCI (0.2240) <= 0.3 AND CPU (15.3%) <= 35.0%,0.2135241235593731,2,TRIGGER_ADAPTATION,SCALE_DOWN,4,32,15.31,0.23757788398753116,2,32,0.6,Low workload pressure (WCI=0.22 <= 0.3) and CPU underutilization (15.3% <= 35.0%)
58,59.47,S3,SAMCS,24,1024,0.7759,0.65,WCI (0.7759) >= 0.65 AND CPU (82.0%) >= 82.0%,0.8651521220936778,4,TRIGGER_ADAPTATION,SCALE_UP,2,32,82,0.46747154113389916,4,32,1.25,High complexity (WCI=0.78 >= 0.65) and CPU saturation (82.0% >= 82.0%)
62,64.78,S3,SAMCS,24,1024,0.7395,0.65,WCI (0.7395) >= 0.65,0.8929620778806976,6,TRIGGER_ADAPTATION,SCALE_UP,4,32,40.78,0.26830488251081547,6,32,1.25,High complexity: WCI=0.74 >= 0.65
66,70.09,S3,SAMCS,24,1024,0.7319,0.65,WCI (0.7319) >= 0.65,0.867758673471646,8,TRIGGER_ADAPTATION,SCALE_UP,6,32,32.43,0.1755705077989903,8,32,1.25,High complexity: WCI=0.73 >= 0.65
70,75.4,S3,SAMCS,24,1024,0.7215,0.65,WCI (0.7215) >= 0.65,0.874006213773165,10,TRIGGER_ADAPTATION,SCALE_UP,8,32,20.12,0.16680532140819954,10,32,1.25,High complexity: WCI=0.72 >= 0.65
74,80.71,S3,SAMCS,24,1024,0.7178,0.65,WCI (0.7178) >= 0.65,0.8443855053484612,12,TRIGGER_ADAPTATION,SCALE_UP,10,32,15.48,0.2091609757023394,12,32,1.25,High complexity: WCI=0.72 >= 0.65
78,86.02,S3,SAMCS,24,1024,0.7372,0.65,WCI (0.7372) >= 0.65,0.8767507488428546,14,TRIGGER_ADAPTATION,SCALE_UP,12,32,16.74,0.1934213903258629,14,32,1.25,High complexity: WCI=0.74 >= 0.65
0,0,S3,SAMCS,25,1025,0.1971,0.3,WCI (0.1971) <= 0.3 AND CPU (13.7%) <= 35.0%,0.2078902386060422,2,TRIGGER_ADAPTATION,SCALE_DOWN,4,32,13.71,0.11231346250869079,2,32,0.6,Low workload pressure (WCI=0.20 <= 0.3) and CPU underutilization (13.7% <= 35.0%)
58,59.47,S3,SAMCS,25,1025,0.7669,0.65,WCI (0.7669) >= 0.65 AND CPU (84.3%) >= 82.0%,0.8307799810313142,4,TRIGGER_ADAPTATION,SCALE_UP,2,32,84.3,0.467087142901246,4,32,1.25,High complexity (WCI=0.77 >= 0.65) and CPU saturation (84.3% >= 82.0%)
62,64.78,S3,SAMCS,25,1025,0.7622,0.65,WCI (0.7622) >= 0.65,0.8900021161163216,6,TRIGGER_ADAPTATION,SCALE_UP,4,32,50.47,0.35907106746611056,6,32,1.25,High complexity: WCI=0.76 >= 0.65
66,70.09,S3,SAMCS,25,1025,0.7884,0.65,WCI (0.7884) >= 0.65,1,8,TRIGGER_ADAPTATION,SCALE_UP,6,32,32.36,0.24448141539584275,8,32,1.25,High complexity: WCI=0.79 >= 0.65
70,75.4,S3,SAMCS,25,1025,0.7799,0.65,WCI (0.7799) >= 0.65,0.9327193548511219,10,TRIGGER_ADAPTATION,SCALE_UP,8,32,19.71,0.2997480968032412,10,32,1.25,High complexity: WCI=0.78 >= 0.65
74,80.71,S3,SAMCS,25,1025,0.7544,0.65,WCI (0.7544) >= 0.65,0.8748556545937444,12,TRIGGER_ADAPTATION,SCALE_UP,10,32,19.72,0.2344183474541484,12,32,1.25,High complexity: WCI=0.75 >= 0.65
78,86.02,S3,SAMCS,25,1025,0.7465,0.65,WCI (0.7465) >= 0.65,0.9139969566068392,14,TRIGGER_ADAPTATION,SCALE_UP,12,32,15.41,0.17349078592966546,14,32,1.25,High complexity: WCI=0.75 >= 0.65
0,0,S3,SAMCS,26,1026,0.1849,0.3,WCI (0.1849) <= 0.3 AND CPU (7.5%) <= 35.0%,0.18748733770778067,2,TRIGGER_ADAPTATION,SCALE_DOWN,4,32,7.48,0.1447993299382818,2,32,0.6,Low workload pressure (WCI=0.18 <= 0.3) and CPU underutilization (7.5% <= 35.0%)
33,34.1,S3,SAMCS,26,1026,0.5321,0.82,CPU (86.5%) >= 82.0%,0.5394311825642509,4,TRIGGER_ADAPTATION,SCALE_UP,2,32,86.55,0.5285785085742604,4,32,1.25,CPU saturation: 86.5% >= 82.0%
58,60.72,S3,SAMCS,26,1026,0.7342,0.65,WCI (0.7342) >= 0.65,0.8672385692328926,6,TRIGGER_ADAPTATION,SCALE_UP,4,32,44.4,0.2424371219954307,6,32,1.25,High complexity: WCI=0.73 >= 0.65
62,66.03,S3,SAMCS,26,1026,0.7543,0.65,WCI (0.7543) >= 0.65,0.9171174437622377,8,TRIGGER_ADAPTATION,SCALE_UP,6,32,28.57,0.21675779744782592,8,32,1.25,High complexity: WCI=0.75 >= 0.65
66,71.34,S3,SAMCS,26,1026,0.7294,0.65,WCI (0.7294) >= 0.65,0.8933500603092344,10,TRIGGER_ADAPTATION,SCALE_UP,8,32,20.54,0.2013917308080475,10,32,1.25,High complexity: WCI=0.73 >= 0.65
70,76.65,S3,SAMCS,26,1026,0.7365,0.65,WCI (0.7365) >= 0.65,0.901217960878894,12,TRIGGER_ADAPTATION,SCALE_UP,10,32,19.85,0.18832121460263151,12,32,1.25,High complexity: WCI=0.74 >= 0.65
74,81.96,S3,SAMCS,26,1026,0.7923,0.65,WCI (0.7923) >= 0.65,1,14,TRIGGER_ADAPTATION,SCALE_UP,12,32,16.35,0.28560713820288114,14,32,1.25,High complexity: WCI=0.79 >= 0.65
78,87.27,S3,SAMCS,26,1026,0.7189,0.65,WCI (0.7189) >= 0.65,0.8693716092396057,16,TRIGGER_ADAPTATION,SCALE_UP,14,32,12.77,0.16742094508840752,16,32,1.25,High complexity: WCI=0.72 >= 0.65
0,0,S3,SAMCS,27,1027,0.228,0.3,WCI (0.2280) <= 0.3 AND CPU (13.7%) <= 35.0%,0.23756403423501232,2,TRIGGER_ADAPTATION,SCALE_DOWN,4,32,13.69,0.27269112844388854,2,32,0.6,Low workload pressure (WCI=0.23 <= 0.3) and CPU underutilization (13.7% <= 35.0%)
58,59.47,S3,SAMCS,27,1027,0.7592,0.65,WCI (0.7592) >= 0.65 AND CPU (85.7%) >= 82.0%,0.8704024011062264,4,TRIGGER_ADAPTATION,SCALE_UP,2,32,85.65,0.3719689578592125,4,32,1.25,High complexity (WCI=0.76 >= 0.65) and CPU saturation (85.7% >= 82.0%)
62,64.78,S3,SAMCS,27,1027,0.7498,0.65,WCI (0.7498) >= 0.65,0.8947714064026987,6,TRIGGER_ADAPTATION,SCALE_UP,4,32,51.36,0.23102661504261307,6,32,1.25,High complexity: WCI=0.75 >= 0.65
66,70.09,S3,SAMCS,27,1027,0.7696,0.65,WCI (0.7696) >= 0.65,0.9176893705599974,8,TRIGGER_ADAPTATION,SCALE_UP,6,32,37.19,0.28964054835523423,8,32,1.25,High complexity: WCI=0.77 >= 0.65
70,75.4,S3,SAMCS,27,1027,0.7868,0.65,WCI (0.7868) >= 0.65,1,10,TRIGGER_ADAPTATION,SCALE_UP,8,32,30.58,0.21989426139915155,10,32,1.25,High complexity: WCI=0.79 >= 0.65
74,80.71,S3,SAMCS,27,1027,0.7687,0.65,WCI (0.7687) >= 0.65,0.9536079272557012,12,TRIGGER_ADAPTATION,SCALE_UP,10,32,17.37,0.19420419377471565,12,32,1.25,High complexity: WCI=0.77 >= 0.65
78,86.02,S3,SAMCS,27,1027,0.7678,0.65,WCI (0.7678) >= 0.65,0.9293235584756387,14,TRIGGER_ADAPTATION,SCALE_UP,12,32,19.96,0.23452133322401184,14,32,1.25,High complexity: WCI=0.77 >= 0.65
0,0,S3,SAMCS,28,1028,0.212,0.3,WCI (0.2120) <= 0.3 AND CPU (13.4%) <= 35.0%,0.24293902846638246,2,TRIGGER_ADAPTATION,SCALE_DOWN,4,32,13.41,0.16106309529637142,2,32,0.6,Low workload pressure (WCI=0.21 <= 0.3) and CPU underutilization (13.4% <= 35.0%)
58,59.47,S3,SAMCS,28,1028,0.7817,0.65,WCI (0.7817) >= 0.65 AND CPU (87.8%) >= 82.0%,0.8764880003071905,4,TRIGGER_ADAPTATION,SCALE_UP,2,32,87.82,0.43842544112363335,4,32,1.25,High complexity (WCI=0.78 >= 0.65) and CPU saturation (87.8% >= 82.0%)
62,64.78,S3,SAMCS,28,1028,0.7584,0.65,WCI (0.7584) >= 0.65,0.8896517004640988,6,TRIGGER_ADAPTATION,SCALE_UP,4,32,49.14,0.3366811612533982,6,32,1.25,High complexity: WCI=0.76 >= 0.65
66,70.09,S3,SAMCS,28,1028,0.8049,0.65,WCI (0.8049) >= 0.65,1,8,TRIGGER_ADAPTATION,SCALE_UP,6,32,30.14,0.2853191868054414,8,32,1.25,High complexity: WCI=0.80 >= 0.65
70,75.4,S3,SAMCS,28,1028,0.7673,0.65,WCI (0.7673) >= 0.65,0.9361910138637861,10,TRIGGER_ADAPTATION,SCALE_UP,8,32,23.38,0.2306333554730422,10,32,1.25,High complexity: WCI=0.77 >= 0.65
74,80.71,S3,SAMCS,28,1028,0.752,0.65,WCI (0.7520) >= 0.65,0.8884607823561498,12,TRIGGER_ADAPTATION,SCALE_UP,10,32,23.93,0.24225912327135674,12,32,1.25,High complexity: WCI=0.75 >= 0.65
78,86.02,S3,SAMCS,28,1028,0.7433,0.65,WCI (0.7433) >= 0.65,0.8974801742471846,14,TRIGGER_ADAPTATION,SCALE_UP,12,32,20.77,0.16280809210406028,14,32,1.25,High complexity: WCI=0.74 >= 0.65
0,0,S3,SAMCS,29,1029,0.2394,0.3,WCI (0.2394) <= 0.3 AND CPU (10.9%) <= 35.0%,0.23940763487708328,2,TRIGGER_ADAPTATION,SCALE_DOWN,4,32,10.89,0.24536408529418008,2,32,0.6,Low workload pressure (WCI=0.24 <= 0.3) and CPU underutilization (10.9% <= 35.0%)
58,59.47,S3,SAMCS,29,1029,0.7656,0.65,WCI (0.7656) >= 0.65,0.8499940459619131,4,TRIGGER_ADAPTATION,SCALE_UP,2,32,81.43,0.3955140475061736,4,32,1.25,High complexity: WCI=0.77 >= 0.65
62,64.78,S3,SAMCS,29,1029,0.7912,0.65,WCI (0.7912) >= 0.65,1,6,TRIGGER_ADAPTATION,SCALE_UP,4,32,50.07,0.24557302847956036,6,32,1.25,High complexity: WCI=0.79 >= 0.65
66,70.09,S3,SAMCS,29,1029,0.726,0.65,WCI (0.7260) >= 0.65,0.8486407725766867,8,TRIGGER_ADAPTATION,SCALE_UP,6,32,33.88,0.2230028048965403,8,32,1.25,High complexity: WCI=0.73 >= 0.65
70,75.4,S3,SAMCS,29,1029,0.7324,0.65,WCI (0.7324) >= 0.65,0.8832800861314309,10,TRIGGER_ADAPTATION,SCALE_UP,8,32,23.91,0.24006539766091284,10,32,1.25,High complexity: WCI=0.73 >= 0.65
74,80.71,S3,SAMCS,29,1029,0.7431,0.65,WCI (0.7431) >= 0.65,0.8823659595034038,12,TRIGGER_ADAPTATION,SCALE_UP,10,32,19.92,0.23820292055565506,12,32,1.25,High complexity: WCI=0.74 >= 0.65
78,86.02,S3,SAMCS,29,1029,0.7328,0.65,WCI (0.7328) >= 0.65,0.8514065576339338,14,TRIGGER_ADAPTATION,SCALE_UP,12,32,14.86,0.2102727404038128,14,32,1.25,High complexity: WCI=0.73 >= 0.65
0,0,S3,SAMCS,30,1030,0.2022,0.3,WCI (0.2022) <= 0.3 AND CPU (10.4%) <= 35.0%,0.19546291816198427,2,TRIGGER_ADAPTATION,SCALE_DOWN,4,32,10.37,0.19682264909168304,2,32,0.6,Low workload pressure (WCI=0.20 <= 0.3) and CPU underutilization (10.4% <= 35.0%)
58,59.47,S3,SAMCS,30,1030,0.784,0.65,WCI (0.7840) >= 0.65 AND CPU (87.1%) >= 82.0%,0.8585240652302711,4,TRIGGER_ADAPTATION,SCALE_UP,2,32,87.12,0.48953544211693384,4,32,1.25,High complexity (WCI=0.78 >= 0.65) and CPU saturation (87.1% >= 82.0%)
62,64.78,S3,SAMCS,30,1030,0.7634,0.65,WCI (0.7634) >= 0.65,0.866063467522742,6,TRIGGER_ADAPTATION,SCALE_UP,4,32,53.88,0.3496125191725118,6,32,1.25,High complexity: WCI=0.76 >= 0.65
66,70.09,S3,SAMCS,30,1030,0.7654,0.65,WCI (0.7654) >= 0.65,0.9048041436108138,8,TRIGGER_ADAPTATION,SCALE_UP,6,32,40.51,0.30522843514943343,8,32,1.25,High complexity: WCI=0.77 >= 0.65
70,75.4,S3,SAMCS,30,1030,0.7464,0.65,WCI (0.7464) >= 0.65,0.9303638768048667,10,TRIGGER_ADAPTATION,SCALE_UP,8,32,21.18,0.20351346090441733,10,32,1.25,High complexity: WCI=0.75 >= 0.65
74,80.71,S3,SAMCS,30,1030,0.7676,0.65,WCI (0.7676) >= 0.65,1,12,TRIGGER_ADAPTATION,SCALE_UP,10,32,18.84,0.1862966143070744,12,32,1.25,High complexity: WCI=0.77 >= 0.65
78,86.02,S3,SAMCS,30,1030,0.7562,0.65,WCI (0.7562) >= 0.65,0.9261736261822978,14,TRIGGER_ADAPTATION,SCALE_UP,12,32,12.56,0.199147133177935,14,32,1.25,High complexity: WCI=0.76 >= 0.65