scenario_id,system_type,run_id,random_seed,t_start_sec,t_end_sec,t_execution_sec,tasks_completed,cpu_mean_pct,cpu_min_pct,cpu_max_pct,cpu_std_pct,mem_mean_pct,mem_min_pct,mem_max_pct,mem_std_pct,total_core_seconds,efficiency_tasks_per_core_sec,adaptation_overhead_sec,adaptation_events_count,s3_detection_delay_sec,s3_adaptation_initiation_sec,s3_stabilization_time_sec,param_alpha,param_beta,param_gamma,param_initial_cores
S1,BASELINE,1,1001,0,59,59,1505,14.23,6.82,20.7,3.49,11.64,10.92,12.27,0.28,236,637.7119,0,0,,,,0.45,0.35,0.2,4
S1,SAMCS,1,1001,0,60.485,60.485,1505,28.52,15.41,40.16,5.98,11.64,10.92,12.27,0.28,118,1275.4237,1.485,1,,,,0.45,0.35,0.2,4
S1,BASELINE,2,1002,0,61,61,1525,14.16,5.43,21.59,3.74,11.64,10.87,12.25,0.29,244,625,0,0,,,,0.45,0.35,0.2,4
S1,SAMCS,2,1002,0,62.515,62.515,1525,28.32,11,41.07,6.68,11.64,10.87,12.25,0.29,122,1250,1.515,1,,,,0.45,0.35,0.2,4
S1,BASELINE,3,1003,0,62,62,1519,14.25,7.29,23.42,3.71,11.6,10.95,12.52,0.28,248,612.5,0,0,,,,0.45,0.35,0.2,4
S1,SAMCS,3,1003,0,63.53,63.53,1519,27.98,15.88,43.47,6.57,11.6,10.95,12.52,0.28,124,1225,1.53,1,,,,0.45,0.35,0.2,4
S1,BASELINE,4,1004,0,62,62,1503,13.86,6.72,21.57,3.27,11.62,10.99,12.4,0.29,248,606.0484,0,0,,,,0.45,0.35,0.2,4
S1,SAMCS,4,1004,0,63.53,63.53,1503,27.57,9.92,40.69,6.13,11.62,10.99,12.4,0.29,124,1212.0968,1.53,1,,,,0.45,0.35,0.2,4
S1,BASELINE,5,1005,0,61,61,1522,14.73,6.69,22.36,3.68,11.67,11.12,12.6,0.32,244,623.7705,0,0,,,,0.45,0.35,0.2,4
S1,SAMCS,5,1005,0,62.515,62.515,1522,28.81,12.89,43.13,6.39,11.67,11.12,12.6,0.32,122,1247.541,1.515,1,,,,0.45,0.35,0.2,4
S1,BASELINE,6,1006,0,60,60,1505,14.73,8.91,23.9,3.05,11.6,10.9,12.14,0.29,240,627.0833,0,0,,,,0.45,0.35,0.2,4
S1,SAMCS,6,1006,0,61.5,61.5,1505,28.83,15.42,42.23,5.37,11.6,10.9,12.14,0.29,120,1254.1667,1.5,1,,,,0.45,0.35,0.2,4
S1,BASELINE,7,1007,0,63,63,1504,13.27,6.17,24.28,3.79,11.61,11,12.51,0.31,252,596.8254,0,0,,,,0.45,0.35,0.2,4
S1,SAMCS,7,1007,0,64.545,64.545,1504,26.78,10.17,43.7,6.69,11.61,11,12.51,0.31,126,1193.6508,1.545,1,,,,0.45,0.35,0.2,4
S1,BASELINE,8,1008,0,62,62,1500,13.92,7.37,21.21,3.12,11.68,11.08,12.26,0.28,248,604.8387,0,0,,,,0.45,0.35,0.2,4
S1,SAMCS,8,1008,0,63.53,63.53,1500,27.51,14.24,40.68,5.77,11.68,11.08,12.26,0.28,124,1209.6774,1.53,1,,,,0.45,0.35,0.2,4
S1,BASELINE,9,1009,0,58,58,1513,14.99,9.57,21.77,2.89,11.69,10.87,12.52,0.32,232,652.1552,0,0,,,,0.45,0.35,0.2,4
S1,SAMCS,9,1009,0,59.47,59.47,1513,29.64,15.7,41.82,5.54,11.69,10.87,12.52,0.32,116,1304.3103,1.47,1,,,,0.45,0.35,0.2,4
S1,BASELINE,10,1010,0,64,64,1523,13.73,7.12,21.39,3.56,11.6,10.88,12.29,0.28,256,594.9219,0,0,,,,0.45,0.35,0.2,4
S1,SAMCS,10,1010,0,65.56,65.56,1523,27.14,14.57,41.62,6.54,11.6,10.88,12.29,0.28,128,1189.8438,1.56,1,,,,0.45,0.35,0.2,4
S1,BASELINE,11,1011,0,60,60,1510,14.46,7.56,21.93,3.18,11.64,10.99,12.22,0.28,240,629.1667,0,0,,,,0.45,0.35,0.2,4
S1,SAMCS,11,1011,0,61.5,61.5,1510,28.67,10.02,40.25,6.21,11.64,10.99,12.22,0.28,120,1258.3333,1.5,1,,,,0.45,0.35,0.2,4
S1,BASELINE,12,1012,0,59,59,1521,15.09,7.5,24.81,3.71,11.64,11.07,12.27,0.32,236,644.4915,0,0,,,,0.45,0.35,0.2,4
S1,SAMCS,12,1012,0,60.485,60.485,1521,29.65,13.03,50.01,6.7,11.64,11.07,12.27,0.32,118,1288.9831,1.485,1,,,,0.45,0.35,0.2,4
S1,BASELINE,13,1013,0,61,61,1504,14.34,6.26,22.99,3.43,11.65,10.95,12.2,0.29,244,616.3934,0,0,,,,0.45,0.35,0.2,4
S1,SAMCS,13,1013,0,62.515,62.515,1504,28.19,11.04,41.89,6,11.65,10.95,12.2,0.29,122,1232.7869,1.515,1,,,,0.45,0.35,0.2,4
S1,BASELINE,14,1014,0,60,60,1532,14.6,8.06,21.45,3.13,11.6,10.82,12.25,0.31,240,638.3333,0,0,,,,0.45,0.35,0.2,4
S1,SAMCS,14,1014,0,61.5,61.5,1532,28.95,14.25,42.07,5.58,11.6,10.82,12.25,0.31,120,1276.6667,1.5,1,,,,0.45,0.35,0.2,4
S1,BASELINE,15,1015,0,60,60,1513,14.41,8.58,24.55,3.49,11.61,10.84,12.53,0.34,240,630.4167,0,0,,,,0.45,0.35,0.2,4
S1,SAMCS,15,1015,0,61.5,61.5,1513,28.61,11.7,45.17,6.19,11.61,10.84,12.53,0.34,120,1260.8333,1.5,1,,,,0.45,0.35,0.2,4
S1,BASELINE,16,1016,0,62,62,1507,14.14,6.13,23.6,3.83,11.64,11.07,12.43,0.31,248,607.6613,0,0,,,,0.45,0.35,0.2,4
S1,SAMCS,16,1016,0,63.53,63.53,1507,27.84,14.23,44.22,6.48,11.64,11.07,12.43,0.31,124,1215.3226,1.53,1,,,,0.45,0.35,0.2,4
S1,BASELINE,17,1017,0,63,63,1510,12.93,6.69,22,3.33,11.57,10.79,12.18,0.28,252,599.2063,0,0,,,,0.45,0.35,0.2,4
S1,SAMCS,17,1017,0,64.545,64.545,1510,26.47,12.51,40.9,5.8,11.57,10.79,12.18,0.28,126,1198.4127,1.545,1,,,,0.45,0.35,0.2,4
S1,BASELINE,18,1018,0,59,59,1513,14.54,5.51,21.36,3.53,11.55,10.77,12.24,0.35,236,641.1017,0,0,,,,0.45,0.35,0.2,4
S1,SAMCS,18,1018,0,60.485,60.485,1513,28.89,16.97,41.6,6.09,11.55,10.77,12.24,0.35,118,1282.2034,1.485,1,,,,0.45,0.35,0.2,4
S1,BASELINE,19,1019,0,58,58,1524,14.69,6.2,21.99,3.51,11.6,10.97,12.81,0.33,232,656.8966,0,0,,,,0.45,0.35,0.2,4
S1,SAMCS,19,1019,0,59.47,59.47,1524,29.57,10.09,42.61,6.53,11.6,10.97,12.81,0.33,116,1313.7931,1.47,1,,,,0.45,0.35,0.2,4
S1,BASELINE,20,1020,0,64,64,1507,13.2,5,21.85,3.52,11.6,10.74,12.55,0.31,256,588.6719,0,0,,,,0.45,0.35,0.2,4
S1,SAMCS,20,1020,0,65.56,65.56,1507,26.44,12.2,42.47,6.39,11.6,10.74,12.55,0.31,128,1177.3438,1.56,1,,,,0.45,0.35,0.2,4
S1,BASELINE,21,1021,0,62,62,1504,14.11,6.69,24.28,3.65,11.52,10.66,12.3,0.3,248,606.4516,0,0,,,,0.45,0.35,0.2,4
S1,SAMCS,21,1021,0,63.53,63.53,1504,27.72,14.9,45.47,6.39,11.52,10.66,12.3,0.3,124,1212.9032,1.53,1,,,,0.45,0.35,0.2,4
S1,BASELINE,22,1022,0,61,61,1514,14.13,5.87,20.33,3.24,11.62,11,12.25,0.28,244,620.4918,0,0,,,,0.45,0.35,0.2,4
S1,SAMCS,22,1022,0,62.515,62.515,1514,28.03,12.17,38.97,5.74,11.62,11,12.25,0.28,122,1240.9836,1.515,1,,,,0.45,0.35,0.2,4
S1,BASELINE,23,1023,0,60,60,1515,14.48,6.98,26.18,3.27,11.58,11.06,12.28,0.31,240,631.25,0,0,,,,0.45,0.35,0.2,4
S1,SAMCS,23,1023,0,61.5,61.5,1515,28.66,15,48.52,5.7,11.58,11.06,12.28,0.31,120,1262.5,1.5,1,,,,0.45,0.35,0.2,4
S1,BASELINE,24,1024,0,63,63,1510,14.36,5,23.63,3.34,11.61,10.92,12.15,0.29,252,599.2063,0,0,,,,0.45,0.35,0.2,4
S1,SAMCS,24,1024,0,64.545,64.545,1510,27.83,8.79,46.54,6.76,11.61,10.92,12.15,0.29,126,1198.4127,1.545,1,,,,0.45,0.35,0.2,4
S1,BASELINE,25,1025,0,58,58,1500,14.79,7.26,21.18,3.36,11.64,11.08,12.2,0.26,232,646.5517,0,0,,,,0.45,0.35,0.2,4
S1,SAMCS,25,1025,0,59.47,59.47,1500,29.34,19.23,40.52,5.73,11.64,11.08,12.2,0.26,116,1293.1034,1.47,1,,,,0.45,0.35,0.2,4
S1,BASELINE,26,1026,0,58,58,1512,14.88,8.48,26.78,3.92,11.68,11.13,12.35,0.27,232,651.7241,0,0,,,,0.45,0.35,0.2,4
S1,SAMCS,26,1026,0,59.47,59.47,1512,29.63,12.04,53.7,7.12,11.68,11.13,12.35,0.27,116,1303.4483,1.47,1,,,,0.45,0.35,0.2,4
S1,BASELINE,27,1027,0,60,60,1523,14.39,6.16,21.8,3.65,11.69,10.67,12.51,0.35,240,634.5833,0,0,,,,0.45,0.35,0.2,4
S1,SAMCS,27,1027,0,61.5,61.5,1523,28.72,13.69,43.56,6.76,11.69,10.67,12.51,0.35,120,1269.1667,1.5,1,,,,0.45,0.35,0.2,4
S1,BASELINE,28,1028,0,61,61,1514,14.14,5.73,24.56,3.53,11.59,10.68,12.29,0.35,244,620.4918,0,0,,,,0.45,0.35,0.2,4
S1,SAMCS,28,1028,0,62.515,62.515,1514,28.09,13.75,45.76,6.39,11.59,10.68,12.29,0.35,122,1240.9836,1.515,1,,,,0.45,0.35,0.2,4
S1,BASELINE,29,1029,0,58,58,1502,15.55,9.85,23.66,3.32,11.59,10.94,12.31,0.32,232,647.4138,0,0,,,,0.45,0.35,0.2,4
S1,SAMCS,29,1029,0,59.47,59.47,1502,30.16,15.46,44.85,6.46,11.59,10.94,12.31,0.32,116,1294.8276,1.47,1,,,,0.45,0.35,0.2,4
S1,BASELINE,30,1030,0,58,58,1509,14.9,7.71,21.83,3.24,11.61,10.87,12.2,0.32,232,650.431,0,0,,,,0.45,0.35,0.2,4
S1,SAMCS,30,1030,0,59.47,59.47,1509,29.58,14.02,45.31,6.37,11.61,10.87,12.2,0.32,116,1300.8621,1.47,1,,,,0.45,0.35,0.2,4
S2,BASELINE,1,1001,0,60,60,4505,42.91,31.38,58.57,5.81,19.54,18.59,20.17,0.31,240,1877.0833,0,0,,,,0.45,0.35,0.2,4
S2,SAMCS,1,1001,0,69,69,4505,14.15,6.54,39.42,6.63,19.54,18.59,20.17,0.31,840,536.3095,9,8,,,,0.45,0.35,0.2,4
S2,BASELINE,2,1002,0,60,60,4549,42.82,23.31,53.78,4.99,19.56,18.92,20.2,0.32,240,1895.4167,0,0,,,,0.45,0.35,0.2,4
S2,SAMCS,2,1002,0,69,69,4549,13.84,5,40,6.53,19.56,18.92,20.2,0.32,840,541.5476,9,8,,,,0.45,0.35,0.2,4
S2,BASELINE,3,1003,0,60,60,4531,43.31,30.1,57.98,6.19,19.64,18.93,20.27,0.29,240,1887.9167,0,0,,,,0.45,0.35,0.2,4
S2,SAMCS,3,1003,0,69,69,4531,14.48,5.26,42.96,6.72,19.64,18.93,20.27,0.29,840,539.4048,9,8,,,,0.45,0.35,0.2,4
S2,BASELINE,4,1004,0,61,61,4567,43.23,32.14,59.29,5.51,19.5,18.58,20.23,0.35,244,1871.7213,0,0,,,,0.45,0.35,0.2,4
S2,SAMCS,4,1004,0,70.015,70.015,4567,14.52,6.71,38.93,6.2,19.5,18.58,20.23,0.35,856,533.528,9.015,8,,,,0.45,0.35,0.2,4
S2,BASELINE,5,1005,0,62,62,4580,42.57,32.15,57.55,5.3,19.55,18.72,20.19,0.3,248,1846.7742,0,0,,,,0.45,0.35,0.2,4
S2,SAMCS,5,1005,0,71.03,71.03,4580,14.19,7.85,39.5,6.21,19.55,18.72,20.19,0.3,872,525.2294,9.03,8,,,,0.45,0.35,0.2,4
S2,BASELINE,6,1006,0,60,60,4533,42.86,30.53,58.41,5.37,19.53,18.72,20.4,0.34,240,1888.75,0,0,,,,0.45,0.35,0.2,4
S2,SAMCS,6,1006,0,69,69,4533,14.12,5,42.58,7.29,19.53,18.72,20.4,0.34,840,539.6429,9,8,,,,0.45,0.35,0.2,4
S2,BASELINE,7,1007,0,61,61,4544,42.46,25.35,58.19,5.26,19.5,18.9,20.14,0.31,244,1862.2951,0,0,,,,0.45,0.35,0.2,4
S2,SAMCS,7,1007,0,70.015,70.015,4544,13.73,5.87,34.41,5.57,19.5,18.9,20.14,0.31,856,530.8411,9.015,8,,,,0.45,0.35,0.2,4
S2,BASELINE,8,1008,0,59,59,4539,44.68,28.88,57.72,6.09,19.55,18.86,20.34,0.3,236,1923.3051,0,0,,,,0.45,0.35,0.2,4
S2,SAMCS,8,1008,0,67.985,67.985,4539,15.36,6.99,44.65,7.21,19.55,18.86,20.34,0.3,824,550.8495,8.985,8,,,,0.45,0.35,0.2,4
S2,BASELINE,9,1009,0,60,60,4509,43.2,30.1,56.98,5.78,19.58,18.74,20.16,0.28,240,1878.75,0,0,,,,0.45,0.35,0.2,4
S2,SAMCS,9,1009,0,69,69,4509,14.44,5.67,40.1,6.21,19.58,18.74,20.16,0.28,840,536.7857,9,8,,,,0.45,0.35,0.2,4
S2,BASELINE,10,1010,0,59,59,4521,43.65,30.71,54.68,5.02,19.53,18.58,20.2,0.33,236,1915.678,0,0,,,,0.45,0.35,0.2,4
S2,SAMCS,10,1010,0,67.985,67.985,4521,15.01,6.7,40.39,6.92,19.53,18.58,20.2,0.33,800,565.125,8.985,8,,,,0.45,0.35,0.2,4
S2,BASELINE,11,1011,0,61,61,4500,42.23,31.39,52.71,5.12,19.6,19.01,20.38,0.32,244,1844.2623,0,0,,,,0.45,0.35,0.2,4
S2,SAMCS,11,1011,0,70.015,70.015,4500,14.43,5.5,42.44,7.36,19.6,19.01,20.38,0.32,840,535.7143,9.015,8,,,,0.45,0.35,0.2,4
S2,BASELINE,12,1012,0,60,60,4546,43.12,30.09,55.87,5.51,19.58,18.99,20.2,0.29,240,1894.1667,0,0,,,,0.45,0.35,0.2,4
S2,SAMCS,12,1012,0,69,69,4546,14.14,5.22,36.92,6.5,19.58,18.99,20.2,0.29,840,541.1905,9,8,,,,0.45,0.35,0.2,4
S2,BASELINE,13,1013,0,60,60,4533,43.37,29.9,57.18,5.59,19.55,18.67,20.05,0.29,240,1888.75,0,0,,,,0.45,0.35,0.2,4
S2,SAMCS,13,1013,0,69,69,4533,14.51,5.22,42.8,6.92,19.55,18.67,20.05,0.29,840,539.6429,9,8,,,,0.45,0.35,0.2,4
S2,BASELINE,14,1014,0,61,61,4529,42.91,31.19,52.12,4.63,19.52,18.74,20.2,0.31,244,1856.1475,0,0,,,,0.45,0.35,0.2,4
S2,SAMCS,14,1014,0,70.015,70.015,4529,14.6,8.84,47.08,6.62,19.52,18.74,20.2,0.31,856,529.0888,9.015,8,,,,0.45,0.35,0.2,4
S2,BASELINE,15,1015,0,59,59,4533,44.1,33.21,62.9,5.77,19.53,18.87,20.02,0.3,236,1920.7627,0,0,,,,0.45,0.35,0.2,4
S2,SAMCS,15,1015,0,67.985,67.985,4533,14.76,6.13,45.74,6.65,19.53,18.87,20.02,0.3,824,550.1214,8.985,8,,,,0.45,0.35,0.2,4
S2,BASELINE,16,1016,0,62,62,4521,41.54,30.04,54.36,4.97,19.5,18.7,20.31,0.33,248,1822.9839,0,0,,,,0.45,0.35,0.2,4
S2,SAMCS,16,1016,0,71.03,71.03,4521,13.65,5,39.05,6.23,19.5,18.7,20.31,0.33,872,518.4633,9.03,8,,,,0.45,0.35,0.2,4
S2,BASELINE,17,1017,0,61,61,4522,42.08,32.03,54.78,5.31,19.56,19.02,20.49,0.29,244,1853.2787,0,0,,,,0.45,0.35,0.2,4
S2,SAMCS,17,1017,0,70.015,70.015,4522,14.03,6.22,54.78,8.19,19.56,19.02,20.49,0.29,856,528.271,9.015,8,,,,0.45,0.35,0.2,4
S2,BASELINE,18,1018,0,61,61,4540,42.83,30.31,58.75,5.3,19.59,18.9,20.3,0.27,244,1860.6557,0,0,,,,0.45,0.35,0.2,4
S2,SAMCS,18,1018,0,70.015,70.015,4540,15.7,6.32,36.58,7.62,19.59,18.9,20.3,0.27,816,556.3725,9.015,8,,,,0.45,0.35,0.2,4
S2,BASELINE,19,1019,0,61,61,4546,42.82,31.38,63.03,5.94,19.55,18.84,20.1,0.28,244,1863.1148,0,0,,,,0.45,0.35,0.2,4
S2,SAMCS,19,1019,0,70.015,70.015,4546,14.21,5.56,43.17,6.7,19.55,18.84,20.1,0.28,856,531.0748,9.015,8,,,,0.45,0.35,0.2,4
S2,BASELINE,20,1020,0,59,59,4505,43.45,32.72,53.27,5.28,19.59,18.87,20.61,0.33,236,1908.8983,0,0,,,,0.45,0.35,0.2,4
S2,SAMCS,20,1020,0,67.985,67.985,4505,14.3,5,47.52,6.87,19.59,18.87,20.61,0.33,824,546.7233,8.985,8,,,,0.45,0.35,0.2,4
S2,BASELINE,21,1021,0,60,60,4526,42.85,28.89,53.58,4.96,19.57,18.61,20.17,0.37,240,1885.8333,0,0,,,,0.45,0.35,0.2,4
S2,SAMCS,21,1021,0,69,69,4526,13.99,7.22,46.63,6.96,19.57,18.61,20.17,0.37,840,538.8095,9,8,,,,0.45,0.35,0.2,4
S2,BASELINE,22,1022,0,62,62,4575,42.27,27.51,57.91,6.24,19.54,18.74,20.19,0.3,248,1844.7581,0,0,,,,0.45,0.35,0.2,4
S2,SAMCS,22,1022,0,71.03,71.03,4575,14,5,42.33,6.6,19.54,18.74,20.19,0.3,872,524.656,9.03,8,,,,0.45,0.35,0.2,4
S2,BASELINE,23,1023,0,61,61,4540,42.52,31.71,52.93,4.86,19.56,18.9,20.09,0.3,244,1860.6557,0,0,,,,0.45,0.35,0.2,4
S2,SAMCS,23,1023,0,70.015,70.015,4540,13.92,6.7,34.96,5.81,19.56,18.9,20.09,0.3,856,530.3738,9.015,8,,,,0.45,0.35,0.2,4
S2,BASELINE,24,1024,0,59,59,4507,43.37,33.99,55.94,4.79,19.62,19.14,20.16,0.25,236,1909.7458,0,0,,,,0.45,0.35,0.2,4
S2,SAMCS,24,1024,0,67.985,67.985,4507,14.18,5,36.22,6.31,19.62,19.14,20.16,0.25,824,546.966,8.985,8,,,,0.45,0.35,0.2,4
S2,BASELINE,25,1025,0,61,61,4564,42.99,33.68,56.63,5.31,19.56,18.8,20.37,0.3,244,1870.4918,0,0,,,,0.45,0.35,0.2,4
S2,SAMCS,25,1025,0,70.015,70.015,4564,14.45,7.04,40.27,6.9,19.56,18.8,20.37,0.3,856,533.1776,9.015,8,,,,0.45,0.35,0.2,4
S2,BASELINE,26,1026,0,61,61,4576,43.08,34.91,58.27,4.95,19.51,19,20.38,0.27,244,1875.4098,0,0,,,,0.45,0.35,0.2,4
S2,SAMCS,26,1026,0,70.015,70.015,4576,14.3,5,39.17,6.38,19.51,19,20.38,0.27,856,534.5794,9.015,8,,,,0.45,0.35,0.2,4
S2,BASELINE,27,1027,0,61,61,4545,42.5,31.78,57.61,5.81,19.53,18.97,20.29,0.3,244,1862.7049,0,0,,,,0.45,0.35,0.2,4
S2,SAMCS,27,1027,0,70.015,70.015,4545,14.06,5.98,52,7.5,19.53,18.97,20.29,0.3,856,530.9579,9.015,8,,,,0.45,0.35,0.2,4
S2,BASELINE,28,1028,0,62,62,4520,41.6,28.19,55.5,5.29,19.54,18.94,20.22,0.31,248,1822.5806,0,0,,,,0.45,0.35,0.2,4
S2,SAMCS,28,1028,0,71.03,71.03,4520,13.64,5.22,39.02,6.2,19.54,18.94,20.22,0.31,872,518.3486,9.03,8,,,,0.45,0.35,0.2,4
S2,BASELINE,29,1029,0,61,61,4516,41.98,30.29,53.21,5.69,19.59,19.16,20.26,0.26,244,1850.8197,0,0,,,,0.45,0.35,0.2,4
S2,SAMCS,29,1029,0,70.015,70.015,4516,13.76,5.28,39.19,7.09,19.59,19.16,20.26,0.26,856,527.5701,9.015,8,,,,0.45,0.35,0.2,4
S2,BASELINE,30,1030,0,61,61,4552,42.15,31.34,52.73,4.31,19.52,18.94,20.33,0.3,244,1865.5738,0,0,,,,0.45,0.35,0.2,4
S2,SAMCS,30,1030,0,70.015,70.015,4552,13.85,6.64,45.39,6.61,19.52,18.94,20.33,0.3,840,541.9048,9.015,8,,,,0.45,0.35,0.2,4
S3,BASELINE,1,1001,0,81,81,4013,27.94,5.48,57.92,14.17,15.61,11.07,20.98,3.5,324,1238.5802,0,0,,,6,0.45,0.35,0.2,4
S3,SAMCS,1,1001,0,90.315,90.315,4013,37.35,9.73,83.32,17.34,15.61,11.07,21,3.5,318,1261.9497,9.315,7,0,0,6,0.45,0.35,0.2,4
S3,BASELINE,2,1002,0,81,81,4001,28.38,6.28,58.32,14.81,15.56,11.02,20.9,3.52,324,1234.8765,0,0,,,6,0.45,0.35,0.2,4
S3,SAMCS,2,1002,0,90.315,90.315,4001,37.49,6.9,81.81,17.31,15.56,11.02,20.9,3.52,318,1258.1761,9.315,7,0,0,6,0.45,0.35,0.2,4
S3,BASELINE,3,1003,0,80,80,4009,28.59,7.18,57.67,15.72,15.53,11.07,21.25,3.53,320,1252.8125,0,0,,,6,0.45,0.35,0.2,4
S3,SAMCS,3,1003,0,89.3,89.3,4009,38,13.81,81.34,18.52,15.54,11.07,21.25,3.53,304,1318.75,9.3,7,0,0,6,0.45,0.35,0.2,4
S3,BASELINE,4,1004,0,80,80,4008,28.53,6.42,59.77,15.05,15.49,11.05,20.92,3.5,320,1252.5,0,0,,,6,0.45,0.35,0.2,4
S3,SAMCS,4,1004,0,89.3,89.3,4008,38.82,7.77,80.97,19.23,15.49,11.05,20.92,3.5,304,1318.4211,9.3,7,0,0,6,0.45,0.35,0.2,4
S3,BASELINE,5,1005,0,82,82,4067,28.78,7.15,56.5,14.53,15.68,10.99,21.14,3.58,328,1239.939,0,0,,,6,0.45,0.35,0.2,4
S3,SAMCS,5,1005,0,91.33,91.33,4067,37.62,9.4,82.1,18.26,15.68,10.99,21.14,3.58,332,1225,9.33,7,0,0,6,0.45,0.35,0.2,4
S3,BASELINE,6,1006,0,80,80,4016,28.61,5.05,57.68,14.85,15.56,10.59,20.82,3.5,320,1255,0,0,,,6,0.45,0.35,0.2,4
S3,SAMCS,6,1006,0,89.3,89.3,4016,38.68,10.34,85.47,18.65,15.56,10.59,20.82,3.5,304,1321.0526,9.3,7,0,0,6,0.45,0.35,0.2,4
S3,BASELINE,7,1007,0,81,81,4074,28.74,6.9,58.84,15.51,15.52,10.98,21.17,3.56,324,1257.4074,0,0,,,6,0.45,0.35,0.2,4
S3,SAMCS,7,1007,0,90.315,90.315,4074,37.98,9.74,82.68,18.25,15.52,10.98,21.24,3.56,318,1281.1321,9.315,7,0,0,6,0.45,0.35,0.2,4
S3,BASELINE,8,1008,0,80,80,4069,28.95,5,60.39,15.5,15.53,10.91,21.13,3.47,320,1271.5625,0,0,,,6,0.45,0.35,0.2,4
S3,SAMCS,8,1008,0,89.3,89.3,4069,38.86,10.69,84.02,19.48,15.53,10.91,21.13,3.47,304,1338.4868,9.3,7,0,0,6,0.45,0.35,0.2,4
S3,BASELINE,9,1009,0,81,81,4020,28.52,5.8,56.38,14.72,15.6,11.06,20.95,3.53,324,1240.7407,0,0,,,6,0.45,0.35,0.2,4
S3,SAMCS,9,1009,0,90.315,90.315,4020,37.6,13.69,82.95,17.18,15.6,11.06,21.02,3.53,318,1264.1509,9.315,7,0,0,6,0.45,0.35,0.2,4
S3,BASELINE,10,1010,0,80,80,4009,29.25,7.69,57.1,15.34,15.5,11.1,20.77,3.47,320,1252.8125,0,0,,,6,0.45,0.35,0.2,4
S3,SAMCS,10,1010,0,89.3,89.3,4009,39.32,13.69,86.53,18.92,15.5,11.1,20.82,3.47,304,1318.75,9.3,7,0,0,6,0.45,0.35,0.2,4
S3,BASELINE,11,1011,0,80,80,4010,28.66,7.88,57.92,14.84,15.51,10.87,21.03,3.49,320,1253.125,0,0,,,6,0.45,0.35,0.2,4
S3,SAMCS,11,1011,0,89.3,89.3,4010,38.73,9.85,76.89,18.74,15.51,10.87,21.03,3.49,306,1310.4575,9.3,7,0,0,6,0.45,0.35,0.2,4
S3,BASELINE,12,1012,0,81,81,4081,28.53,5,56.55,15,15.63,11.01,20.98,3.52,324,1259.5679,0,0,,,6,0.45,0.35,0.2,4
S3,SAMCS,12,1012,0,90.315,90.315,4081,38.22,10.11,79.35,18.83,15.63,11.01,20.98,3.52,318,1283.3333,9.315,7,0,0,6,0.45,0.35,0.2,4
S3,BASELINE,13,1013,0,80,80,4022,28.7,6.78,56.88,14.96,15.46,10.74,20.88,3.53,320,1256.875,0,0,,,6,0.45,0.35,0.2,4
S3,SAMCS,13,1013,0,89.3,89.3,4022,38.53,11.84,82.37,18.4,15.47,10.74,20.9,3.53,304,1323.0263,9.3,7,0,0,6,0.45,0.35,0.2,4
S3,BASELINE,14,1014,0,80,80,4000,28.98,9.71,56.28,14.52,15.5,11,20.98,3.41,320,1250,0,0,,,6,0.45,0.35,0.2,4
S3,SAMCS,14,1014,0,89.3,89.3,4000,39.07,11.94,82.79,17.01,15.5,11,20.98,3.41,304,1315.7895,9.3,7,0,0,6,0.45,0.35,0.2,4
S3,BASELINE,15,1015,0,79,79,4001,29.02,5,64.31,15.87,15.49,11.15,21,3.48,316,1266.1392,0,0,,,6,0.45,0.35,0.2,4
S3,SAMCS,15,1015,0,88.285,88.285,4001,39.73,12.61,83.41,18.61,15.5,11.15,21,3.48,290,1379.6552,9.285,7,0,0,6,0.45,0.35,0.2,4
S3,BASELINE,16,1016,0,83,83,4079,28.21,5,54.62,14.59,15.64,11.03,20.78,3.59,332,1228.6145,0,0,,,6,0.45,0.35,0.2,4
S3,SAMCS,16,1016,0,93.595,93.595,4079,36.05,8.34,82.72,17.89,15.64,11.03,20.78,3.59,348,1172.1264,10.595,8,0,0,6,0.45,0.35,0.2,4
S3,BASELINE,17,1017,0,82,82,4089,28.59,7.82,56.08,15.11,15.63,11.05,21.05,3.52,328,1246.6463,0,0,,,6,0.45,0.35,0.2,4
S3,SAMCS,17,1017,0,91.33,91.33,4089,37.23,12.47,84.48,18.34,15.63,11.05,21.05,3.53,332,1231.6265,9.33,7,0,0,6,0.45,0.35,0.2,4
S3,BASELINE,18,1018,0,81,81,4058,28.84,5.58,64.62,15,15.61,11.11,21.06,3.54,324,1252.4691,0,0,,,6,0.45,0.35,0.2,4
S3,SAMCS,18,1018,0,90.315,90.315,4058,38.32,11.48,83.99,18.16,15.62,11.11,21.1,3.54,318,1276.1006,9.315,7,0,0,6,0.45,0.35,0.2,4
S3,BASELINE,19,1019,0,81,81,4038,28.17,7.59,59.26,14.67,15.59,11.16,21,3.54,324,1246.2963,0,0,,,6,0.45,0.35,0.2,4
S3,SAMCS,19,1019,0,90.315,90.315,4038,37.69,7.83,87.9,18.53,15.59,11.16,21,3.55,318,1269.8113,9.315,7,0,0,6,0.45,0.35,0.2,4
S3,BASELINE,20,1020,0,80,80,4022,28.55,6.04,62.68,15.95,15.55,11.04,21.08,3.5,320,1256.875,0,0,,,6,0.45,0.35,0.2,4
S3,SAMCS,20,1020,0,89.3,89.3,4022,38.3,11.59,85.02,19.1,15.56,11.04,21.08,3.51,304,1323.0263,9.3,7,0,0,6,0.45,0.35,0.2,4
S3,BASELINE,21,1021,0,80,80,4062,29.28,5.27,66.41,16.29,15.5,11.1,20.91,3.51,320,1269.375,0,0,,,6,0.45,0.35,0.2,4
S3,SAMCS,21,1021,0,89.3,89.3,4062,38.88,12.14,83.05,19.18,15.5,11.1,20.91,3.51,304,1336.1842,9.3,7,0,0,6,0.45,0.35,0.2,4
S3,BASELINE,22,1022,0,81,81,4077,28.76,5,58.27,14.88,15.58,11.05,20.87,3.51,324,1258.3333,0,0,,,6,0.45,0.35,0.2,4
S3,SAMCS,22,1022,0,90.315,90.315,4077,38.17,9.76,75.18,18.88,15.58,11.05,20.87,3.51,318,1282.0755,9.315,7,0,0,6,0.45,0.35,0.2,4
S3,BASELINE,23,1023,0,79,79,4016,28.92,6.04,67.17,16.07,15.43,11.01,20.94,3.44,316,1270.8861,0,0,,,6,0.45,0.35,0.2,4
S3,SAMCS,23,1023,0,88.285,88.285,4016,39.3,13.27,87.47,18.81,15.43,11.01,20.94,3.44,290,1384.8276,9.285,7,0,0,6,0.45,0.35,0.2,4
S3,BASELINE,24,1024,0,81,81,4014,28.18,7.46,55.01,14.52,15.56,11.18,20.93,3.47,324,1238.8889,0,0,,,6,0.45,0.35,0.2,4
S3,SAMCS,24,1024,0,90.315,90.315,4014,37.81,10.01,82,18.9,15.56,11.18,20.93,3.47,318,1262.2642,9.315,7,0,0,6,0.45,0.35,0.2,4
S3,BASELINE,25,1025,0,81,81,4071,28.47,6.38,54.51,15.08,15.65,11.21,21.06,3.52,324,1256.4815,0,0,,,6,0.45,0.35,0.2,4
S3,SAMCS,25,1025,0,90.315,90.315,4071,38.15,12.43,84.3,19.31,15.65,11.21,21.06,3.52,318,1280.1887,9.315,7,0,0,6,0.45,0.35,0.2,4
S3,BASELINE,26,1026,0,80,80,4067,28.81,7.48,56.11,14.57,15.55,10.96,21.38,3.46,320,1270.9375,0,0,,,6,0.45,0.35,0.2,4
S3,SAMCS,26,1026,0,90.55,90.55,4067,28.34,7.48,86.55,12.2,15.55,10.96,21.38,3.46,398,1021.8593,10.55,8,0,0,6,0.45,0.35,0.2,4
S3,BASELINE,27,1027,0,80,80,4016,29.15,6.68,59.67,15.15,15.52,10.97,20.95,3.54,320,1255,0,0,,,6,0.45,0.35,0.2,4
S3,SAMCS,27,1027,0,89.3,89.3,4016,39.09,12.85,85.65,17.92,15.53,10.97,20.95,3.54,304,1321.0526,9.3,7,0,0,6,0.45,0.35,0.2,4
S3,BASELINE,28,1028,0,79,79,4022,29.16,5,66.21,16.04,15.43,10.91,21.21,3.56,316,1272.7848,0,0,,,6,0.45,0.35,0.2,4
S3,SAMCS,28,1028,0,88.285,88.285,4022,39.47,11.28,87.82,19.3,15.43,10.91,21.21,3.56,290,1386.8966,9.285,7,0,0,6,0.45,0.35,0.2,4
S3,BASELINE,29,1029,0,79,79,4031,28.92,6.24,58.36,14.88,15.44,10.98,20.94,3.5,316,1275.6329,0,0,,,6,0.45,0.35,0.2,4
S3,SAMCS,29,1029,0,88.285,88.285,4031,39.71,10.89,81.43,18.29,15.44,10.98,20.94,3.5,290,1390,9.285,7,0,0,6,0.45,0.35,0.2,4
S3,BASELINE,30,1030,0,79,79,4052,29.01,5,60.18,15.11,15.45,11.22,21.12,3.46,316,1282.2785,0,0,,,6,0.45,0.35,0.2,4
S3,SAMCS,30,1030,0,88.285,88.285,4052,39.92,10.37,87.12,18.6,15.45,11.22,21.12,3.47,290,1397.2414,9.285,7,0,0,6,0.45,0.35,0.2,4